-- phpMyAdmin SQL Dump
-- version 5.2.1
-- https://www.phpmyadmin.net/
--
-- Servidor: 127.0.0.1
-- Tiempo de generación: 24-06-2024 a las 13:44:36
-- Versión del servidor: 10.4.32-MariaDB
-- Versión de PHP: 8.0.30

SET SQL_MODE = "NO_AUTO_VALUE_ON_ZERO";
START TRANSACTION;
SET time_zone = "+00:00";


/*!40101 SET @OLD_CHARACTER_SET_CLIENT=@@CHARACTER_SET_CLIENT */;
/*!40101 SET @OLD_CHARACTER_SET_RESULTS=@@CHARACTER_SET_RESULTS */;
/*!40101 SET @OLD_COLLATION_CONNECTION=@@COLLATION_CONNECTION */;
/*!40101 SET NAMES utf8mb4 */;

--
-- Base de datos: `ticket_sistem`
--

-- --------------------------------------------------------

--
-- Estructura de tabla para la tabla `td_ticketdetalle`
--

CREATE TABLE `td_ticketdetalle` (
  `tickd_id` int(11) NOT NULL,
  `tick_id` int(11) NOT NULL,
  `usu_id` int(11) NOT NULL,
  `tickd_descrip` mediumtext NOT NULL,
  `fech_crea` datetime NOT NULL,
  `estado` int(11) NOT NULL
) ENGINE=InnoDB DEFAULT CHARSET=utf8mb4 COLLATE=utf8mb4_spanish_ci;

--
-- Volcado de datos para la tabla `td_ticketdetalle`
--

INSERT INTO `td_ticketdetalle` (`tickd_id`, `tick_id`, `usu_id`, `tickd_descrip`, `fech_crea`, `estado`) VALUES
(1, 1, 2, 'te respondo', '2024-06-19 20:54:22', 1),
(2, 1, 1, 'soy el usuario respondiendo', '2024-06-19 20:54:54', 1),
(3, 1, 2, 'para resolver tu problema reinicia tu equipo', '2024-06-19 20:55:20', 1),
(4, 1, 1, 'si con eso se resolvio el problema gracias', '2024-06-19 20:55:47', 1),
(5, 1, 2, 'muchas gracias por su confirmacion por favor cerrar el ticket', '2024-06-19 20:56:27', 1),
(6, 1, 1, 'tes', '2024-06-20 23:43:28', 1),
(7, 1, 1, '<p>test2222</p>', '2024-06-20 19:03:52', 1),
(8, 1, 1, '<p>agregando nueva descri&nbsp;<img src=\"data:image/png;base64,iVBORw0KGgoAAAANSUhEUgAAANEAAACDCAYAAAATfP4TAAAAAXNSR0IArs4c6QAAAARnQU1BAACxjwv8YQUAAAAJcEhZcwAADsMAAA7DAcdvqGQAABYJSURBVHhe7Z0HeBTH2cdfmxBCtShC1ACmKQQwyIApAdH8wRcQochxXIL9YBDdgJ2EEvMkGIcSOwEC2DTLgAmOE4iwhUHkA1NsiikSQRQhwBJgqiii2BiIybf/uRlpb7V7d7q9O+1J7+955rlptzc3s/9535k9jR7aefTL/5IPNK9dVcb859zNStSwukxYMODXK+najW9kyp1pI3pQtzaP0lWtfMCrf6WVr8eL/M1fnKJf9GpJt765S6cv5FLZMqWpepXy9PSkv1HSn54TdVB/9M/b0/M/bUWrNhykhX/fQx/O+gV9v3QpUQZQjnz9e4AxrTBeT4Hrgh2p2aLcCOpXKPt96t+tGc1I3EadW9en1tG16MmRibKG+2eafc7838TRY01qUJehS2n38hG0/+g5GvvHZFGm6r/zjy9oQPdmIg/XwXvaNKtNJ85cEX228pM0UaZH1enw4iKR9nRts/cD4zgZ+0//fW59fZf6dG5KFcuVocqVyopyfLaxHfq0Pq6udfHqLdpz6CzNXrFD1De225gGVR4pR0lvDpYpFxvTibpFE/2gtMyQrFn7T/EaP2igeAUXLlykpHXr6OGmNauTLyFUPFqriowV5HeLttC/My9SjaoVRTrr/HWqGVmJmjeKolNfXRMCqlczQggoIztH1PEEBKRHLwR/iesSTTWrVXT7fNwsGHAV8DkY7Nt37omboXnDKErLOC9rBw/cQGgLGPnUEzTxhS4iHmiM4+SJoQPa0I3b39K0pZ/mta0woC8xEeVc/1qIcclr/WWJd8zuNeg4945MeOFYxjEqV648PSzTjgEzsp7BfVqLmQczDkLDOlXEzQc27MwUMzres+/IV/RZWra4gREw61iB94ATZ66KgcbM+USLuoUaAD0QLtqG67z8TEcxA+NGwgDf/8931CWmvrg+grKeIOvcNWrZuIaYgdF2K3AdfGdcByJFn0Q3iMwTKiwL0shHOepdv3nH1FLgWgs1K4Lr1Yl6ROYWBG0Fvl7b0zgB9DPycV1cA2VoS+nvlaLcW9+KOsj3h+QdGZTwxjq6cOUWRVYuL3O9Y7zXgHbr0KWbMmHg3r17lJ19WoSUlE2UkXGcusZ2cZ6IYmMaypiL67fuiAGByUaAy/b+etcAfpF+VpjxMppFwaCiM+/e/45uf3NPxI3sP3ZO1IcbhQH/zbwUITa4HnNf7VOoAdADdwxt6/hYPcrIynFz+5Yl7ReuCq7/5rje9O29/8gS1+Dj5jpzMde0vXrwnWE5pwzpKmZvCPDdjw6IMojiQs5NYV1QDt5Z84V41QM3E24N2gKXedXGgjM/JiPc4KiDm97Xa3saJwDh9Xyiobgu3ChVhv5H/70x6knhSRSWP2p9iu+EgH5O+vSoLPGO8V4DtSOIzl4j+q/JIic3N5c2bNwowl1NUAP696f69evRQ1eu3/ZpTVT64e9kzH98WROB6cu20Oa9J2SKCXes1pRFSc92jWnq0B4y5c5+zSmo+AOipjVkhhccZ4nAi3Ft6OGHH5IphgksuLdwj1kRXVNb71zULI/5/lYBHCmiupqv/spzwVn0MgzuLdxjVlQoQ9SqjmaRThN9e19mesCR7pxi1cZUWpq0V6YYxj7DBrSj5/83RqY8c/ySa33Uph5RRDmZaYIjLZECX/ZXv4xl146xDe4h3Eu+Cgg0jSJqFEm0LVMTlObemW02AEdbIsXZSzdoefJ+3mxg/AKbCFgDeXLhPHH7LlHGBaKLN7WlRhWiqEqaZSpLVOZ7moC0+T0sRKSAmLannhIPJr88f41yb92hBw98aj5TQoDFiahYVjxIxXMgbGP7Kx4jENO5XKIrt4hu3iG6q0kC1imsRMQwTsTRayKGCQdYRAxjExYRw9iERcQwNmERMYxNWEQMYxMWEcPYJOTPiR4pfVumGKZ4wJaIYWzCImIYm7CIGMYmLCKGsQmLKETcuF9BxpjihiNFlLz+I1qy5B0R7xfXi6b9/jURHz58iAgAeSgD+voME2ocucUNQTz+eBsttBUCAXF9f+YWP3BgH52/cL5A3F8+/3wHLVtaOCEuX/GBjHkHloi394sn/JxI8uILz1B0dDMRfKX/gEEy5h0WUeE5eDCVrl+/Tt26uR9ttS5pLT0SEVEgv6hwpIjgpvWN608JCSNljmdguZYseZv270+XOYUHIurfP75QwigMwRDRm+9vpz2Hz4r4D2tE0JwJfUU8VAyauIrWzn5epgLP1q1baPu2Tym2a3c3wVjlFxWOXBPBjYM75yuom5AwSqaCw6yZ04XQ9OFXr46VpaFnwpz11OzRKHETI4x+qj3tPeISVHEBAoFQIBgIR2GVX1Q4UkS/+/0bQki+grq+Wi1/ycg4Klw9Ya20gPiVK1dkaWj5ZGcG9WzXiPp0ipY5RI3qVKN2P3adn12cCAchOVJE2IFTmwh62rRp4TEEGyEizd1DKMzaKdBs3nuSOrb4oUwV5ORXV4SrpYLeQqm0VZkK12+6jv/0dC09xnqBxOlCCsvnRLVq1hLumzGUJCpXMj9NEDf/xPkptOy3A/Ncvdkrt4ubXHEsO8eVP7Y3ffCvf4u8FZ+k0sTBsXnvwfV9uRZAvYX/2JNfR7surhdIbuS6DrtXr4oz2VnitXLlyuK1KHCkiBYvTrTcroaAsJ0N4MLpQ0lCWQojJ85epX5dmrmJbEi/NnT8dP6N/0If1wGGcAHxHynAj+pHFhCIL9cCqIfrKCsE4R3MDNz/W8JuHHbqWrWKcdv4WfHeMsrSRIQ8lBUVjhQRHqSauXPAtWs3SuzGldQHrK2a1KJd6WdkyjciIzz/2xisp2BFkrYeEUKwEikwuxbEpiwRQqB2Cp0uIOBIEeHh6YXz1jOZy/KUXCH16xxNiR/vd1ufwIIg3bhuVfp4x1E3EaAu8n3h17+MFYKAdfH1Wmb1AkE4CAiE1cNWbB641j8u1009H9LnFRZsVXtC/SrBqp6vv1oIxnMi/QK+ffO6QgAAgoJLpcAaBa4bwHtgKRQqjTUMhAD8uRYEDHdQAbdPv3voD9gswBpILyCAfKyBnCAg4Pif/ejjRhEBu0LyVUT4SRB+GqQHO3STJk+VKc/wLxaKL44VEYAo8OsFCAjPjsxEBFC/Zq1atn47F2xYRMUX/u1ciGARFV/C8jlROMICKr6wiBjGJiwihrEJi4hhbMIbCw7g5blbZaxk85fx3WQsvAi5iJiCTF2YLGMlm+mj42QsvAi5iPjfTTLFDV4TMYxNWEQMYxMWEcPYhNdETInk66+/oQsXL9LNmzfpwYMHMtc/WEQWXL58mTZv2ULVq1enqKjq1KK5vTMcTl2mYjmBOPF7eWsTBHQ8M5Pq1K5NVatWoVKlSskS/3CkiHDzzp03V6a8gxu9Z4+e9Owznv+swRdWf/CBFlbLVD52P4NFFDq8tenkqS+pUsWK2phGyhx7OFJEffvFiZm/RQvX7I+bWp82kp6eTpcuX6LEZe/KnMIDyzNn7lxKP5yuCeVZ7bOai89EPq6dnn5YtANimjVjpngtDCyigihrj/FDvwurXz1KWP4ePXr4bf29tSk17SA91rKFbQukcKyIcCOrWd+YNqKsx/qP/X9oOXnKFCGWCePHWw4erKNy8QorWBZRPhAMJiyISAkHE+Rlrf8vXXJNWqoM495TE1Rh8Nam/QdSqc3jgfur2LDbnUPnBhqIEAPri4AwoGgD3hPOnDt/zmMIFuhDTFgAAsFkhH4HzbW+RxyWfvw4Vx4mR6f3ddiJ6JBm+gPdqRgoiMMXAWFw8bp5y2ZZGnhmzJxJmSdOyFRwSEtLo+EjRpgGlAUD9CH6Ev0M8cCzQN6QoS+JMUDZpCmT8/oaYsI6NBRCSknZRG+/sygvIH09N1fEs7NPizqImxGWlgg3cKA6FRYIYBY0wyggAH8d7VDvDUf69ulLHTt0lKl8kIeyQIP+UgKaOWOGzHX1rxIVQkvNrcP4qjUShKYmrWD39086daRRI0eI0Lt3L6ocESHi9evXkzXy0QsqLB+2utypwMxO8MEBBsqImYAAfHiAzYZAAyu0a/cueuXVV2j02DEiD1YJ60IV9uzZI/KBSquydxMTZYl3EoYNowoV8s+QQxx5wQBrIKAXEPoWPPvsM0Iwag0kJihd3yIPrF7tTLcurH+xgE63CwZM/6qwEhBQnxuIzzcyZfJkYQ3+/Kc/08L5C+jatWtCUCuXrxAbJwhvzPiDm7t35OjRvLKkdUk+u4LVqlWjYUMTZIpEHHnBAv2l72djnwNsKgB93xrfF0rMXDiVh1e4fWErIrU2sQu2soEaPOBJQEDNoHA9gk1mZiYN6D+AqlSpInOIhick0PHjGTJF9NIQ17/gBMYyb/To3l24pyJo8WCBDQMIAR6EQo0fLAxcNVEurY2+b9VGhNqACBaf79wlhIFw6NAhmVsQuHjqFW5fWIoILkEgBASUa7ZFCsObgMBh6ZsHwxL5SmQ16weFnsrMSBg6TIRggr6CW4a+RR+rPPQxBAShYIMBceSpvp085bcF8oKFfk3UsmVLmeudsBMRFppWu2j+oAYXu34YSG8CwoCijvLTg0FUVBRdu3pVxJs0aSJcNLh1isVLloh8hVojoY6xzBfKly8vQrDB2CkhQTCqr7GhgP5GGeLIw3rXJapDoixQk2YwCOs1UaDAAMEiQSCeBAR3A0KDiK0e/AaCHzdrJtY92FiAG4f10eAXX8jbPEBa795hTYR81HlNm7n1ZU4D/QZPAv0NiwShYNNBWXfE8V2U2xdIryOQlCtXXmyBg2Lzsx8IwM4vFiAQPKMAeDah/9kPwKyJdsByeXooa0WwfrGAvrLzve1i53thzOBGY4cUceWuYT2ERw7+isefXyxgg6BWrZoF3Disj9QaSB9H/S+zsujRBg2cKSKYcv0C1BcCYfIhGCUWM+Bu+GuBWEShw1ubSsRv54oaZX2wTkJcWSU7sIhCh7c2lYhfcTNMMCkRf0/EMMGG/7KVYRwEb3EzjE1YRAxjExYRw9iERcQwNmERMYxNWEQMYxMWEcPYhEXEiJ/JMP7DImIYm7CIGMYm/LMfxpG/xHYC29PO0o6DZ2XKnGYNqjlTRPiLztOnXQfmgXr16omTb3wBfyqNvwrFiTk4Oaew4Miq+Ph4atK4scwxJ3m9688P4voG7v+M4pSeNWvW+NRub6eU1q5VW8a844+I1NFeevR9ju+CU4qA1VhgnKdPe92xf4k7/b1ddCzb9Wf6VvyoflXnunP6I6J69+ol/m5Gf86AFe//dZV4rz8CMgKhKLE4jaI4wVQP+leNDwKEgskHKAGpskCMRVEyb0IP06AIizURZnscBZW0bp3MsQYWzMlnDASKUJ9g6gl1zp2y3p999pk4B6K48M9tmaZBETYbC02bRtOlS/lnw8GdgHVCUNYCcfWKPP3JoAhqsHFKqP4UUWMa4P04OQcB7/VmBY3tQX3E9aCO+hyz9htR5Qhmnx/KE0w9AdEoKwRwOhHOvlNt3717tyyxBn2g6qtTXM3yvI2dqo+AP7wDGHeVp06V1Y+FN6pFlDMNirARUbWqVfPWAei47t265bkLOHIWNxniAK+wXu3bt8+rg5kR6w1fUdYPAe/3ZN3M2gNw6KIaKLQP7UebrNqvB3Vwco+qY/b5oT7B1Ay0OzUt1XQNiXbDtZ4xa6bpJKBAWcqmTXnfFYdRqrzkjz7Oy/MGBKJfBsxfMF/kz/vLvLx8X9fWeppp6x59OJp1hdZuPS5Lw0hEV65ezVssY9CweaBmFyxwcVKoGehY1FGL3GBg1Z7OnTvTp1u3ijo7d+0UazuQdjDNa/vVsVnKeloRqhNMrdB/Lz1qwwXi79C+gxg/K9QEAeugUHkzZ80Sr96A6ODK648Wy87OFvkxrWNEvh6s0zCh+cIaTTD6YNxsCBsRwWVQR/4C/YyDYNYhENC4l8eJ8mD76GbtwewM66NmVf1Onrf2I418WE/cELiGFaE4wdQKWNFOHTvJlAvspnpqrxmwEHAJ8V1hha3yPIHP1fcpAsQIK4Y4rqPcucIA0eiDnuqVy4WHiNCBmO3VTYiZxZdNBgA3EECECpzyggMPFfDhzcBxvJcv58iUNZ7ag1l60eLFoo6idavWPrcfMybcQitLC0J1gqkRCAWThNHV1PcH6uzes9vrIwOAOphcMNYKY57V2Kk2eFrnQEgAbfJ1TTS8fytaPS3OMqDcsSLSm2Wg92Uxs6BTVbmqYwQ3sLqOHogRna/ei5vUDHWEL+p4mlk9tQezNNw1uHYKX9qPiUOVYUPFzNIWNXoXW4/++6H/lye+J0vMQd+q74r68B7M8oCnscMzJ72brNxD5dIj4J4wit6K+G5NKbZ1XZmyhn+xwPAvFmwSNmsihnEqLCKGsQmLiGFXziYsIoaxCYuIYWzCImIYm7CIGMYmIX9OxDDFDX7YyjA2YXeOYWzCImIYm7CIGMYmLCKGsQmLiGFswiJiGJuwiBjGJiwihrEJi4hhbFLsRZSTPITqN2xgCDMo/ygMP7j4IY0c+yF5P8LEgrQZVH+Bby1IXdCAFgTsVOBUWmD3uzP5HEum2NUZxV9EkXGJlH0qi7LXDCP66Szah/ipKZR/9g7D2KPEu3OY6ZWFGpGsbAtmbF1aszwjtPSCtBz6aKxWt9Mk2rhhErUt8D4PyGuIz4pfKjNdmLYB1kpLD5xD9Fa8Kp9BB9QvHWW5CEarqC+Tlgef0aDhIHqLltJAVeajNWR0XP2cJiYsoliEOa4TeUvOD1BxYyU2pH3zn6ZImZWT/BJNpVm0KA45EEg7Ojski8a0RimElEIdNatF2g24q5PK14A79wei13XX8gyutYDq7kykn9XQkmjLzt6UPSZGuJtTabZFG1w3v9tnAwhS+/zp8vNxjbanx4jribJOpyjB1Nrmfye2xP6QQW8nHKB6M5+jPjjOEO5cWuOSbIlyaNf/baWU8e3kjN2Oxm2QRYIYGrOGxKw9kNa638SFJS2F3powxiUgN7Q2/MtTG8zJ2beJUnSWsO1411HFAGU0dxiLJBgcO0Efdn3cJSAdJdyd60rzdmKNlB+MYuk9YRj1lvHg0M1rG8zoPXev23uEFWKKhBIsokjq+ORDNG6NxboAblE8UcKYKZRAgwquezaeIs//iFBHzYbUe06KWJsIl+qpZSIm2vA/ZN0GyeGv3D87sm0vovFL5fXciazTSLNs5mUuTtLZizLqhmsdaLpOgvvayHzt51rPlZAdv+qVqf22E3REJDTXTq6JSrQlioybRfOOD5KulP5m0G6oTpOo+RrX2iFmzFpqrrlceTdRjadp2PhleQt0rxsLWv2ECWpBn0Id/j5UFqANsy3a4CImfpYmGOXuyY0F7XrT557M3yDQQt42eOsptM+tTH+9GHp6ribaTrKMNxYKR9Wf0OCu52iU2Fg4QbETXEco81+2MoxNWEQM4yNPjl5K9+4X1AGLiGFsUuIftjKMXVhEDGMTFhHD2IRFxDA2YRExjE1YRAxjExYRw9iERcQwNmERMYxNWEQMYxMWEcPYguj/AdUyCmGQMH+OAAAAAElFTkSuQmCC\" alt=\"\" style=\"font-size: 1rem;\"><br></p>', '2024-06-20 19:10:30', 1),
(9, 1, 1, '<p>agregando nueva descri&nbsp;<img src=\"data:image/png;base64,iVBORw0KGgoAAAANSUhEUgAAANEAAACDCAYAAAATfP4TAAAAAXNSR0IArs4c6QAAAARnQU1BAACxjwv8YQUAAAAJcEhZcwAADsMAAA7DAcdvqGQAABYJSURBVHhe7Z0HeBTH2cdfmxBCtShC1ACmKQQwyIApAdH8wRcQochxXIL9YBDdgJ2EEvMkGIcSOwEC2DTLgAmOE4iwhUHkA1NsiikSQRQhwBJgqiii2BiIybf/uRlpb7V7d7q9O+1J7+955rlptzc3s/9535k9jR7aefTL/5IPNK9dVcb859zNStSwukxYMODXK+najW9kyp1pI3pQtzaP0lWtfMCrf6WVr8eL/M1fnKJf9GpJt765S6cv5FLZMqWpepXy9PSkv1HSn54TdVB/9M/b0/M/bUWrNhykhX/fQx/O+gV9v3QpUQZQjnz9e4AxrTBeT4Hrgh2p2aLcCOpXKPt96t+tGc1I3EadW9en1tG16MmRibKG+2eafc7838TRY01qUJehS2n38hG0/+g5GvvHZFGm6r/zjy9oQPdmIg/XwXvaNKtNJ85cEX228pM0UaZH1enw4iKR9nRts/cD4zgZ+0//fW59fZf6dG5KFcuVocqVyopyfLaxHfq0Pq6udfHqLdpz6CzNXrFD1De225gGVR4pR0lvDpYpFxvTibpFE/2gtMyQrFn7T/EaP2igeAUXLlykpHXr6OGmNauTLyFUPFqriowV5HeLttC/My9SjaoVRTrr/HWqGVmJmjeKolNfXRMCqlczQggoIztH1PEEBKRHLwR/iesSTTWrVXT7fNwsGHAV8DkY7Nt37omboXnDKErLOC9rBw/cQGgLGPnUEzTxhS4iHmiM4+SJoQPa0I3b39K0pZ/mta0woC8xEeVc/1qIcclr/WWJd8zuNeg4945MeOFYxjEqV648PSzTjgEzsp7BfVqLmQczDkLDOlXEzQc27MwUMzres+/IV/RZWra4gREw61iB94ATZ66KgcbM+USLuoUaAD0QLtqG67z8TEcxA+NGwgDf/8931CWmvrg+grKeIOvcNWrZuIaYgdF2K3AdfGdcByJFn0Q3iMwTKiwL0shHOepdv3nH1FLgWgs1K4Lr1Yl6ROYWBG0Fvl7b0zgB9DPycV1cA2VoS+nvlaLcW9+KOsj3h+QdGZTwxjq6cOUWRVYuL3O9Y7zXgHbr0KWbMmHg3r17lJ19WoSUlE2UkXGcusZ2cZ6IYmMaypiL67fuiAGByUaAy/b+etcAfpF+VpjxMppFwaCiM+/e/45uf3NPxI3sP3ZO1IcbhQH/zbwUITa4HnNf7VOoAdADdwxt6/hYPcrIynFz+5Yl7ReuCq7/5rje9O29/8gS1+Dj5jpzMde0vXrwnWE5pwzpKmZvCPDdjw6IMojiQs5NYV1QDt5Z84V41QM3E24N2gKXedXGgjM/JiPc4KiDm97Xa3saJwDh9Xyiobgu3ChVhv5H/70x6knhSRSWP2p9iu+EgH5O+vSoLPGO8V4DtSOIzl4j+q/JIic3N5c2bNwowl1NUAP696f69evRQ1eu3/ZpTVT64e9kzH98WROB6cu20Oa9J2SKCXes1pRFSc92jWnq0B4y5c5+zSmo+AOipjVkhhccZ4nAi3Ft6OGHH5IphgksuLdwj1kRXVNb71zULI/5/lYBHCmiupqv/spzwVn0MgzuLdxjVlQoQ9SqjmaRThN9e19mesCR7pxi1cZUWpq0V6YYxj7DBrSj5/83RqY8c/ySa33Uph5RRDmZaYIjLZECX/ZXv4xl146xDe4h3Eu+Cgg0jSJqFEm0LVMTlObemW02AEdbIsXZSzdoefJ+3mxg/AKbCFgDeXLhPHH7LlHGBaKLN7WlRhWiqEqaZSpLVOZ7moC0+T0sRKSAmLannhIPJr88f41yb92hBw98aj5TQoDFiahYVjxIxXMgbGP7Kx4jENO5XKIrt4hu3iG6q0kC1imsRMQwTsTRayKGCQdYRAxjExYRw9iERcQwNmERMYxNWEQMYxMWEcPYJOTPiR4pfVumGKZ4wJaIYWzCImIYm7CIGMYmLCKGsQmLKETcuF9BxpjihiNFlLz+I1qy5B0R7xfXi6b9/jURHz58iAgAeSgD+voME2ocucUNQTz+eBsttBUCAXF9f+YWP3BgH52/cL5A3F8+/3wHLVtaOCEuX/GBjHkHloi394sn/JxI8uILz1B0dDMRfKX/gEEy5h0WUeE5eDCVrl+/Tt26uR9ttS5pLT0SEVEgv6hwpIjgpvWN608JCSNljmdguZYseZv270+XOYUHIurfP75QwigMwRDRm+9vpz2Hz4r4D2tE0JwJfUU8VAyauIrWzn5epgLP1q1baPu2Tym2a3c3wVjlFxWOXBPBjYM75yuom5AwSqaCw6yZ04XQ9OFXr46VpaFnwpz11OzRKHETI4x+qj3tPeISVHEBAoFQIBgIR2GVX1Q4UkS/+/0bQki+grq+Wi1/ycg4Klw9Ya20gPiVK1dkaWj5ZGcG9WzXiPp0ipY5RI3qVKN2P3adn12cCAchOVJE2IFTmwh62rRp4TEEGyEizd1DKMzaKdBs3nuSOrb4oUwV5ORXV4SrpYLeQqm0VZkK12+6jv/0dC09xnqBxOlCCsvnRLVq1hLumzGUJCpXMj9NEDf/xPkptOy3A/Ncvdkrt4ubXHEsO8eVP7Y3ffCvf4u8FZ+k0sTBsXnvwfV9uRZAvYX/2JNfR7surhdIbuS6DrtXr4oz2VnitXLlyuK1KHCkiBYvTrTcroaAsJ0N4MLpQ0lCWQojJ85epX5dmrmJbEi/NnT8dP6N/0If1wGGcAHxHynAj+pHFhCIL9cCqIfrKCsE4R3MDNz/W8JuHHbqWrWKcdv4WfHeMsrSRIQ8lBUVjhQRHqSauXPAtWs3SuzGldQHrK2a1KJd6WdkyjciIzz/2xisp2BFkrYeEUKwEikwuxbEpiwRQqB2Cp0uIOBIEeHh6YXz1jOZy/KUXCH16xxNiR/vd1ufwIIg3bhuVfp4x1E3EaAu8n3h17+MFYKAdfH1Wmb1AkE4CAiE1cNWbB641j8u1009H9LnFRZsVXtC/SrBqp6vv1oIxnMi/QK+ffO6QgAAgoJLpcAaBa4bwHtgKRQqjTUMhAD8uRYEDHdQAbdPv3voD9gswBpILyCAfKyBnCAg4Pif/ejjRhEBu0LyVUT4SRB+GqQHO3STJk+VKc/wLxaKL44VEYAo8OsFCAjPjsxEBFC/Zq1atn47F2xYRMUX/u1ciGARFV/C8jlROMICKr6wiBjGJiwihrEJi4hhbMIbCw7g5blbZaxk85fx3WQsvAi5iJiCTF2YLGMlm+mj42QsvAi5iPjfTTLFDV4TMYxNWEQMYxMWEcPYhNdETInk66+/oQsXL9LNmzfpwYMHMtc/WEQWXL58mTZv2ULVq1enqKjq1KK5vTMcTl2mYjmBOPF7eWsTBHQ8M5Pq1K5NVatWoVKlSskS/3CkiHDzzp03V6a8gxu9Z4+e9Owznv+swRdWf/CBFlbLVD52P4NFFDq8tenkqS+pUsWK2phGyhx7OFJEffvFiZm/RQvX7I+bWp82kp6eTpcuX6LEZe/KnMIDyzNn7lxKP5yuCeVZ7bOai89EPq6dnn5YtANimjVjpngtDCyigihrj/FDvwurXz1KWP4ePXr4bf29tSk17SA91rKFbQukcKyIcCOrWd+YNqKsx/qP/X9oOXnKFCGWCePHWw4erKNy8QorWBZRPhAMJiyISAkHE+Rlrf8vXXJNWqoM495TE1Rh8Nam/QdSqc3jgfur2LDbnUPnBhqIEAPri4AwoGgD3hPOnDt/zmMIFuhDTFgAAsFkhH4HzbW+RxyWfvw4Vx4mR6f3ddiJ6JBm+gPdqRgoiMMXAWFw8bp5y2ZZGnhmzJxJmSdOyFRwSEtLo+EjRpgGlAUD9CH6Ev0M8cCzQN6QoS+JMUDZpCmT8/oaYsI6NBRCSknZRG+/sygvIH09N1fEs7NPizqImxGWlgg3cKA6FRYIYBY0wyggAH8d7VDvDUf69ulLHTt0lKl8kIeyQIP+UgKaOWOGzHX1rxIVQkvNrcP4qjUShKYmrWD39086daRRI0eI0Lt3L6ocESHi9evXkzXy0QsqLB+2utypwMxO8MEBBsqImYAAfHiAzYZAAyu0a/cueuXVV2j02DEiD1YJ60IV9uzZI/KBSquydxMTZYl3EoYNowoV8s+QQxx5wQBrIKAXEPoWPPvsM0Iwag0kJihd3yIPrF7tTLcurH+xgE63CwZM/6qwEhBQnxuIzzcyZfJkYQ3+/Kc/08L5C+jatWtCUCuXrxAbJwhvzPiDm7t35OjRvLKkdUk+u4LVqlWjYUMTZIpEHHnBAv2l72djnwNsKgB93xrfF0rMXDiVh1e4fWErIrU2sQu2soEaPOBJQEDNoHA9gk1mZiYN6D+AqlSpInOIhick0PHjGTJF9NIQ17/gBMYyb/To3l24pyJo8WCBDQMIAR6EQo0fLAxcNVEurY2+b9VGhNqACBaf79wlhIFw6NAhmVsQuHjqFW5fWIoILkEgBASUa7ZFCsObgMBh6ZsHwxL5SmQ16weFnsrMSBg6TIRggr6CW4a+RR+rPPQxBAShYIMBceSpvp085bcF8oKFfk3UsmVLmeudsBMRFppWu2j+oAYXu34YSG8CwoCijvLTg0FUVBRdu3pVxJs0aSJcNLh1isVLloh8hVojoY6xzBfKly8vQrDB2CkhQTCqr7GhgP5GGeLIw3rXJapDoixQk2YwCOs1UaDAAMEiQSCeBAR3A0KDiK0e/AaCHzdrJtY92FiAG4f10eAXX8jbPEBa795hTYR81HlNm7n1ZU4D/QZPAv0NiwShYNNBWXfE8V2U2xdIryOQlCtXXmyBg2Lzsx8IwM4vFiAQPKMAeDah/9kPwKyJdsByeXooa0WwfrGAvrLzve1i53thzOBGY4cUceWuYT2ERw7+isefXyxgg6BWrZoF3Disj9QaSB9H/S+zsujRBg2cKSKYcv0C1BcCYfIhGCUWM+Bu+GuBWEShw1ubSsRv54oaZX2wTkJcWSU7sIhCh7c2lYhfcTNMMCkRf0/EMMGG/7KVYRwEb3EzjE1YRAxjExYRw9iERcQwNmERMYxNWEQMYxMWEcPYhEXEiJ/JMP7DImIYm7CIGMYm/LMfxpG/xHYC29PO0o6DZ2XKnGYNqjlTRPiLztOnXQfmgXr16omTb3wBfyqNvwrFiTk4Oaew4Miq+Ph4atK4scwxJ3m9688P4voG7v+M4pSeNWvW+NRub6eU1q5VW8a844+I1NFeevR9ju+CU4qA1VhgnKdPe92xf4k7/b1ddCzb9Wf6VvyoflXnunP6I6J69+ol/m5Gf86AFe//dZV4rz8CMgKhKLE4jaI4wVQP+leNDwKEgskHKAGpskCMRVEyb0IP06AIizURZnscBZW0bp3MsQYWzMlnDASKUJ9g6gl1zp2y3p999pk4B6K48M9tmaZBETYbC02bRtOlS/lnw8GdgHVCUNYCcfWKPP3JoAhqsHFKqP4UUWMa4P04OQcB7/VmBY3tQX3E9aCO+hyz9htR5Qhmnx/KE0w9AdEoKwRwOhHOvlNt3717tyyxBn2g6qtTXM3yvI2dqo+AP7wDGHeVp06V1Y+FN6pFlDMNirARUbWqVfPWAei47t265bkLOHIWNxniAK+wXu3bt8+rg5kR6w1fUdYPAe/3ZN3M2gNw6KIaKLQP7UebrNqvB3Vwco+qY/b5oT7B1Ay0OzUt1XQNiXbDtZ4xa6bpJKBAWcqmTXnfFYdRqrzkjz7Oy/MGBKJfBsxfMF/kz/vLvLx8X9fWeppp6x59OJp1hdZuPS5Lw0hEV65ezVssY9CweaBmFyxwcVKoGehY1FGL3GBg1Z7OnTvTp1u3ijo7d+0UazuQdjDNa/vVsVnKeloRqhNMrdB/Lz1qwwXi79C+gxg/K9QEAeugUHkzZ80Sr96A6ODK648Wy87OFvkxrWNEvh6s0zCh+cIaTTD6YNxsCBsRwWVQR/4C/YyDYNYhENC4l8eJ8mD76GbtwewM66NmVf1Onrf2I418WE/cELiGFaE4wdQKWNFOHTvJlAvspnpqrxmwEHAJ8V1hha3yPIHP1fcpAsQIK4Y4rqPcucIA0eiDnuqVy4WHiNCBmO3VTYiZxZdNBgA3EECECpzyggMPFfDhzcBxvJcv58iUNZ7ag1l60eLFoo6idavWPrcfMybcQitLC0J1gqkRCAWThNHV1PcH6uzes9vrIwOAOphcMNYKY57V2Kk2eFrnQEgAbfJ1TTS8fytaPS3OMqDcsSLSm2Wg92Uxs6BTVbmqYwQ3sLqOHogRna/ei5vUDHWEL+p4mlk9tQezNNw1uHYKX9qPiUOVYUPFzNIWNXoXW4/++6H/lye+J0vMQd+q74r68B7M8oCnscMzJ72brNxD5dIj4J4wit6K+G5NKbZ1XZmyhn+xwPAvFmwSNmsihnEqLCKGsQmLiGFXziYsIoaxCYuIYWzCImIYm7CIGMYmIX9OxDDFDX7YyjA2YXeOYWzCImIYm7CIGMYmLCKGsQmLiGFswiJiGJuwiBjGJiwihrEJi4hhbFLsRZSTPITqN2xgCDMo/ygMP7j4IY0c+yF5P8LEgrQZVH+Bby1IXdCAFgTsVOBUWmD3uzP5HEum2NUZxV9EkXGJlH0qi7LXDCP66Szah/ipKZR/9g7D2KPEu3OY6ZWFGpGsbAtmbF1aszwjtPSCtBz6aKxWt9Mk2rhhErUt8D4PyGuIz4pfKjNdmLYB1kpLD5xD9Fa8Kp9BB9QvHWW5CEarqC+Tlgef0aDhIHqLltJAVeajNWR0XP2cJiYsoliEOa4TeUvOD1BxYyU2pH3zn6ZImZWT/BJNpVm0KA45EEg7Ojski8a0RimElEIdNatF2g24q5PK14A79wei13XX8gyutYDq7kykn9XQkmjLzt6UPSZGuJtTabZFG1w3v9tnAwhS+/zp8vNxjbanx4jribJOpyjB1Nrmfye2xP6QQW8nHKB6M5+jPjjOEO5cWuOSbIlyaNf/baWU8e3kjN2Oxm2QRYIYGrOGxKw9kNa638SFJS2F3powxiUgN7Q2/MtTG8zJ2beJUnSWsO1411HFAGU0dxiLJBgcO0Efdn3cJSAdJdyd60rzdmKNlB+MYuk9YRj1lvHg0M1rG8zoPXev23uEFWKKhBIsokjq+ORDNG6NxboAblE8UcKYKZRAgwquezaeIs//iFBHzYbUe06KWJsIl+qpZSIm2vA/ZN0GyeGv3D87sm0vovFL5fXciazTSLNs5mUuTtLZizLqhmsdaLpOgvvayHzt51rPlZAdv+qVqf22E3REJDTXTq6JSrQlioybRfOOD5KulP5m0G6oTpOo+RrX2iFmzFpqrrlceTdRjadp2PhleQt0rxsLWv2ECWpBn0Id/j5UFqANsy3a4CImfpYmGOXuyY0F7XrT557M3yDQQt42eOsptM+tTH+9GHp6ribaTrKMNxYKR9Wf0OCu52iU2Fg4QbETXEco81+2MoxNWEQM4yNPjl5K9+4X1AGLiGFsUuIftjKMXVhEDGMTFhHD2IRFxDA2YRExjE1YRAxjExYRw9iERcQwNmERMYxNWEQMYxMWEcPYguj/AdUyCmGQMH+OAAAAAElFTkSuQmCC\" alt=\"\" style=\"box-sizing: border-box; padding: 0px; margin: 0px; outline: 0px !important; border: none; vertical-align: middle; color: rgb(0, 0, 0); font-family: &quot;Proxima Nova&quot;, sans-serif; font-size: 1rem; font-style: normal; font-variant-ligatures: normal; font-variant-caps: normal; font-weight: 400; letter-spacing: normal; orphans: 2; text-align: start; text-indent: 0px; text-transform: none; widows: 2; word-spacing: 0px; -webkit-text-stroke-width: 0px; white-space: normal; background-color: rgb(255, 255, 255); text-decoration-thickness: initial; text-decoration-style: initial; text-decoration-color: initial;\"><br></p>', '2024-06-20 19:11:07', 1),
(10, 1, 1, '<p>probando reset&nbsp;<img src=\"data:image/png;base64,iVBORw0KGgoAAAANSUhEUgAAANEAAACDCAYAAAATfP4TAAAAAXNSR0IArs4c6QAAAARnQU1BAACxjwv8YQUAAAAJcEhZcwAADsMAAA7DAcdvqGQAABYJSURBVHhe7Z0HeBTH2cdfmxBCtShC1ACmKQQwyIApAdH8wRcQochxXIL9YBDdgJ2EEvMkGIcSOwEC2DTLgAmOE4iwhUHkA1NsiikSQRQhwBJgqiii2BiIybf/uRlpb7V7d7q9O+1J7+955rlptzc3s/9535k9jR7aefTL/5IPNK9dVcb859zNStSwukxYMODXK+najW9kyp1pI3pQtzaP0lWtfMCrf6WVr8eL/M1fnKJf9GpJt765S6cv5FLZMqWpepXy9PSkv1HSn54TdVB/9M/b0/M/bUWrNhykhX/fQx/O+gV9v3QpUQZQjnz9e4AxrTBeT4Hrgh2p2aLcCOpXKPt96t+tGc1I3EadW9en1tG16MmRibKG+2eafc7838TRY01qUJehS2n38hG0/+g5GvvHZFGm6r/zjy9oQPdmIg/XwXvaNKtNJ85cEX228pM0UaZH1enw4iKR9nRts/cD4zgZ+0//fW59fZf6dG5KFcuVocqVyopyfLaxHfq0Pq6udfHqLdpz6CzNXrFD1De225gGVR4pR0lvDpYpFxvTibpFE/2gtMyQrFn7T/EaP2igeAUXLlykpHXr6OGmNauTLyFUPFqriowV5HeLttC/My9SjaoVRTrr/HWqGVmJmjeKolNfXRMCqlczQggoIztH1PEEBKRHLwR/iesSTTWrVXT7fNwsGHAV8DkY7Nt37omboXnDKErLOC9rBw/cQGgLGPnUEzTxhS4iHmiM4+SJoQPa0I3b39K0pZ/mta0woC8xEeVc/1qIcclr/WWJd8zuNeg4945MeOFYxjEqV648PSzTjgEzsp7BfVqLmQczDkLDOlXEzQc27MwUMzres+/IV/RZWra4gREw61iB94ATZ66KgcbM+USLuoUaAD0QLtqG67z8TEcxA+NGwgDf/8931CWmvrg+grKeIOvcNWrZuIaYgdF2K3AdfGdcByJFn0Q3iMwTKiwL0shHOepdv3nH1FLgWgs1K4Lr1Yl6ROYWBG0Fvl7b0zgB9DPycV1cA2VoS+nvlaLcW9+KOsj3h+QdGZTwxjq6cOUWRVYuL3O9Y7zXgHbr0KWbMmHg3r17lJ19WoSUlE2UkXGcusZ2cZ6IYmMaypiL67fuiAGByUaAy/b+etcAfpF+VpjxMppFwaCiM+/e/45uf3NPxI3sP3ZO1IcbhQH/zbwUITa4HnNf7VOoAdADdwxt6/hYPcrIynFz+5Yl7ReuCq7/5rje9O29/8gS1+Dj5jpzMde0vXrwnWE5pwzpKmZvCPDdjw6IMojiQs5NYV1QDt5Z84V41QM3E24N2gKXedXGgjM/JiPc4KiDm97Xa3saJwDh9Xyiobgu3ChVhv5H/70x6knhSRSWP2p9iu+EgH5O+vSoLPGO8V4DtSOIzl4j+q/JIic3N5c2bNwowl1NUAP696f69evRQ1eu3/ZpTVT64e9kzH98WROB6cu20Oa9J2SKCXes1pRFSc92jWnq0B4y5c5+zSmo+AOipjVkhhccZ4nAi3Ft6OGHH5IphgksuLdwj1kRXVNb71zULI/5/lYBHCmiupqv/spzwVn0MgzuLdxjVlQoQ9SqjmaRThN9e19mesCR7pxi1cZUWpq0V6YYxj7DBrSj5/83RqY8c/ySa33Uph5RRDmZaYIjLZECX/ZXv4xl146xDe4h3Eu+Cgg0jSJqFEm0LVMTlObemW02AEdbIsXZSzdoefJ+3mxg/AKbCFgDeXLhPHH7LlHGBaKLN7WlRhWiqEqaZSpLVOZ7moC0+T0sRKSAmLannhIPJr88f41yb92hBw98aj5TQoDFiahYVjxIxXMgbGP7Kx4jENO5XKIrt4hu3iG6q0kC1imsRMQwTsTRayKGCQdYRAxjExYRw9iERcQwNmERMYxNWEQMYxMWEcPYJOTPiR4pfVumGKZ4wJaIYWzCImIYm7CIGMYmLCKGsQmLKETcuF9BxpjihiNFlLz+I1qy5B0R7xfXi6b9/jURHz58iAgAeSgD+voME2ocucUNQTz+eBsttBUCAXF9f+YWP3BgH52/cL5A3F8+/3wHLVtaOCEuX/GBjHkHloi394sn/JxI8uILz1B0dDMRfKX/gEEy5h0WUeE5eDCVrl+/Tt26uR9ttS5pLT0SEVEgv6hwpIjgpvWN608JCSNljmdguZYseZv270+XOYUHIurfP75QwigMwRDRm+9vpz2Hz4r4D2tE0JwJfUU8VAyauIrWzn5epgLP1q1baPu2Tym2a3c3wVjlFxWOXBPBjYM75yuom5AwSqaCw6yZ04XQ9OFXr46VpaFnwpz11OzRKHETI4x+qj3tPeISVHEBAoFQIBgIR2GVX1Q4UkS/+/0bQki+grq+Wi1/ycg4Klw9Ya20gPiVK1dkaWj5ZGcG9WzXiPp0ipY5RI3qVKN2P3adn12cCAchOVJE2IFTmwh62rRp4TEEGyEizd1DKMzaKdBs3nuSOrb4oUwV5ORXV4SrpYLeQqm0VZkK12+6jv/0dC09xnqBxOlCCsvnRLVq1hLumzGUJCpXMj9NEDf/xPkptOy3A/Ncvdkrt4ubXHEsO8eVP7Y3ffCvf4u8FZ+k0sTBsXnvwfV9uRZAvYX/2JNfR7surhdIbuS6DrtXr4oz2VnitXLlyuK1KHCkiBYvTrTcroaAsJ0N4MLpQ0lCWQojJ85epX5dmrmJbEi/NnT8dP6N/0If1wGGcAHxHynAj+pHFhCIL9cCqIfrKCsE4R3MDNz/W8JuHHbqWrWKcdv4WfHeMsrSRIQ8lBUVjhQRHqSauXPAtWs3SuzGldQHrK2a1KJd6WdkyjciIzz/2xisp2BFkrYeEUKwEikwuxbEpiwRQqB2Cp0uIOBIEeHh6YXz1jOZy/KUXCH16xxNiR/vd1ufwIIg3bhuVfp4x1E3EaAu8n3h17+MFYKAdfH1Wmb1AkE4CAiE1cNWbB641j8u1009H9LnFRZsVXtC/SrBqp6vv1oIxnMi/QK+ffO6QgAAgoJLpcAaBa4bwHtgKRQqjTUMhAD8uRYEDHdQAbdPv3voD9gswBpILyCAfKyBnCAg4Pif/ejjRhEBu0LyVUT4SRB+GqQHO3STJk+VKc/wLxaKL44VEYAo8OsFCAjPjsxEBFC/Zq1atn47F2xYRMUX/u1ciGARFV/C8jlROMICKr6wiBjGJiwihrEJi4hhbMIbCw7g5blbZaxk85fx3WQsvAi5iJiCTF2YLGMlm+mj42QsvAi5iPjfTTLFDV4TMYxNWEQMYxMWEcPYhNdETInk66+/oQsXL9LNmzfpwYMHMtc/WEQWXL58mTZv2ULVq1enqKjq1KK5vTMcTl2mYjmBOPF7eWsTBHQ8M5Pq1K5NVatWoVKlSskS/3CkiHDzzp03V6a8gxu9Z4+e9Owznv+swRdWf/CBFlbLVD52P4NFFDq8tenkqS+pUsWK2phGyhx7OFJEffvFiZm/RQvX7I+bWp82kp6eTpcuX6LEZe/KnMIDyzNn7lxKP5yuCeVZ7bOai89EPq6dnn5YtANimjVjpngtDCyigihrj/FDvwurXz1KWP4ePXr4bf29tSk17SA91rKFbQukcKyIcCOrWd+YNqKsx/qP/X9oOXnKFCGWCePHWw4erKNy8QorWBZRPhAMJiyISAkHE+Rlrf8vXXJNWqoM495TE1Rh8Nam/QdSqc3jgfur2LDbnUPnBhqIEAPri4AwoGgD3hPOnDt/zmMIFuhDTFgAAsFkhH4HzbW+RxyWfvw4Vx4mR6f3ddiJ6JBm+gPdqRgoiMMXAWFw8bp5y2ZZGnhmzJxJmSdOyFRwSEtLo+EjRpgGlAUD9CH6Ev0M8cCzQN6QoS+JMUDZpCmT8/oaYsI6NBRCSknZRG+/sygvIH09N1fEs7NPizqImxGWlgg3cKA6FRYIYBY0wyggAH8d7VDvDUf69ulLHTt0lKl8kIeyQIP+UgKaOWOGzHX1rxIVQkvNrcP4qjUShKYmrWD39086daRRI0eI0Lt3L6ocESHi9evXkzXy0QsqLB+2utypwMxO8MEBBsqImYAAfHiAzYZAAyu0a/cueuXVV2j02DEiD1YJ60IV9uzZI/KBSquydxMTZYl3EoYNowoV8s+QQxx5wQBrIKAXEPoWPPvsM0Iwag0kJihd3yIPrF7tTLcurH+xgE63CwZM/6qwEhBQnxuIzzcyZfJkYQ3+/Kc/08L5C+jatWtCUCuXrxAbJwhvzPiDm7t35OjRvLKkdUk+u4LVqlWjYUMTZIpEHHnBAv2l72djnwNsKgB93xrfF0rMXDiVh1e4fWErIrU2sQu2soEaPOBJQEDNoHA9gk1mZiYN6D+AqlSpInOIhick0PHjGTJF9NIQ17/gBMYyb/To3l24pyJo8WCBDQMIAR6EQo0fLAxcNVEurY2+b9VGhNqACBaf79wlhIFw6NAhmVsQuHjqFW5fWIoILkEgBASUa7ZFCsObgMBh6ZsHwxL5SmQ16weFnsrMSBg6TIRggr6CW4a+RR+rPPQxBAShYIMBceSpvp085bcF8oKFfk3UsmVLmeudsBMRFppWu2j+oAYXu34YSG8CwoCijvLTg0FUVBRdu3pVxJs0aSJcNLh1isVLloh8hVojoY6xzBfKly8vQrDB2CkhQTCqr7GhgP5GGeLIw3rXJapDoixQk2YwCOs1UaDAAMEiQSCeBAR3A0KDiK0e/AaCHzdrJtY92FiAG4f10eAXX8jbPEBa795hTYR81HlNm7n1ZU4D/QZPAv0NiwShYNNBWXfE8V2U2xdIryOQlCtXXmyBg2Lzsx8IwM4vFiAQPKMAeDah/9kPwKyJdsByeXooa0WwfrGAvrLzve1i53thzOBGY4cUceWuYT2ERw7+isefXyxgg6BWrZoF3Disj9QaSB9H/S+zsujRBg2cKSKYcv0C1BcCYfIhGCUWM+Bu+GuBWEShw1ubSsRv54oaZX2wTkJcWSU7sIhCh7c2lYhfcTNMMCkRf0/EMMGG/7KVYRwEb3EzjE1YRAxjExYRw9iERcQwNmERMYxNWEQMYxMWEcPYhEXEiJ/JMP7DImIYm7CIGMYm/LMfxpG/xHYC29PO0o6DZ2XKnGYNqjlTRPiLztOnXQfmgXr16omTb3wBfyqNvwrFiTk4Oaew4Miq+Ph4atK4scwxJ3m9688P4voG7v+M4pSeNWvW+NRub6eU1q5VW8a844+I1NFeevR9ju+CU4qA1VhgnKdPe92xf4k7/b1ddCzb9Wf6VvyoflXnunP6I6J69+ol/m5Gf86AFe//dZV4rz8CMgKhKLE4jaI4wVQP+leNDwKEgskHKAGpskCMRVEyb0IP06AIizURZnscBZW0bp3MsQYWzMlnDASKUJ9g6gl1zp2y3p999pk4B6K48M9tmaZBETYbC02bRtOlS/lnw8GdgHVCUNYCcfWKPP3JoAhqsHFKqP4UUWMa4P04OQcB7/VmBY3tQX3E9aCO+hyz9htR5Qhmnx/KE0w9AdEoKwRwOhHOvlNt3717tyyxBn2g6qtTXM3yvI2dqo+AP7wDGHeVp06V1Y+FN6pFlDMNirARUbWqVfPWAei47t265bkLOHIWNxniAK+wXu3bt8+rg5kR6w1fUdYPAe/3ZN3M2gNw6KIaKLQP7UebrNqvB3Vwco+qY/b5oT7B1Ay0OzUt1XQNiXbDtZ4xa6bpJKBAWcqmTXnfFYdRqrzkjz7Oy/MGBKJfBsxfMF/kz/vLvLx8X9fWeppp6x59OJp1hdZuPS5Lw0hEV65ezVssY9CweaBmFyxwcVKoGehY1FGL3GBg1Z7OnTvTp1u3ijo7d+0UazuQdjDNa/vVsVnKeloRqhNMrdB/Lz1qwwXi79C+gxg/K9QEAeugUHkzZ80Sr96A6ODK648Wy87OFvkxrWNEvh6s0zCh+cIaTTD6YNxsCBsRwWVQR/4C/YyDYNYhENC4l8eJ8mD76GbtwewM66NmVf1Onrf2I418WE/cELiGFaE4wdQKWNFOHTvJlAvspnpqrxmwEHAJ8V1hha3yPIHP1fcpAsQIK4Y4rqPcucIA0eiDnuqVy4WHiNCBmO3VTYiZxZdNBgA3EECECpzyggMPFfDhzcBxvJcv58iUNZ7ag1l60eLFoo6idavWPrcfMybcQitLC0J1gqkRCAWThNHV1PcH6uzes9vrIwOAOphcMNYKY57V2Kk2eFrnQEgAbfJ1TTS8fytaPS3OMqDcsSLSm2Wg92Uxs6BTVbmqYwQ3sLqOHogRna/ei5vUDHWEL+p4mlk9tQezNNw1uHYKX9qPiUOVYUPFzNIWNXoXW4/++6H/lye+J0vMQd+q74r68B7M8oCnscMzJ72brNxD5dIj4J4wit6K+G5NKbZ1XZmyhn+xwPAvFmwSNmsihnEqLCKGsQmLiGFXziYsIoaxCYuIYWzCImIYm7CIGMYmIX9OxDDFDX7YyjA2YXeOYWzCImIYm7CIGMYmLCKGsQmLiGFswiJiGJuwiBjGJiwihrEJi4hhbFLsRZSTPITqN2xgCDMo/ygMP7j4IY0c+yF5P8LEgrQZVH+Bby1IXdCAFgTsVOBUWmD3uzP5HEum2NUZxV9EkXGJlH0qi7LXDCP66Szah/ipKZR/9g7D2KPEu3OY6ZWFGpGsbAtmbF1aszwjtPSCtBz6aKxWt9Mk2rhhErUt8D4PyGuIz4pfKjNdmLYB1kpLD5xD9Fa8Kp9BB9QvHWW5CEarqC+Tlgef0aDhIHqLltJAVeajNWR0XP2cJiYsoliEOa4TeUvOD1BxYyU2pH3zn6ZImZWT/BJNpVm0KA45EEg7Ojski8a0RimElEIdNatF2g24q5PK14A79wei13XX8gyutYDq7kykn9XQkmjLzt6UPSZGuJtTabZFG1w3v9tnAwhS+/zp8vNxjbanx4jribJOpyjB1Nrmfye2xP6QQW8nHKB6M5+jPjjOEO5cWuOSbIlyaNf/baWU8e3kjN2Oxm2QRYIYGrOGxKw9kNa638SFJS2F3powxiUgN7Q2/MtTG8zJ2beJUnSWsO1411HFAGU0dxiLJBgcO0Efdn3cJSAdJdyd60rzdmKNlB+MYuk9YRj1lvHg0M1rG8zoPXev23uEFWKKhBIsokjq+ORDNG6NxboAblE8UcKYKZRAgwquezaeIs//iFBHzYbUe06KWJsIl+qpZSIm2vA/ZN0GyeGv3D87sm0vovFL5fXciazTSLNs5mUuTtLZizLqhmsdaLpOgvvayHzt51rPlZAdv+qVqf22E3REJDTXTq6JSrQlioybRfOOD5KulP5m0G6oTpOo+RrX2iFmzFpqrrlceTdRjadp2PhleQt0rxsLWv2ECWpBn0Id/j5UFqANsy3a4CImfpYmGOXuyY0F7XrT557M3yDQQt42eOsptM+tTH+9GHp6ribaTrKMNxYKR9Wf0OCu52iU2Fg4QbETXEco81+2MoxNWEQM4yNPjl5K9+4X1AGLiGFsUuIftjKMXVhEDGMTFhHD2IRFxDA2YRExjE1YRAxjExYRw9iERcQwNmERMYxNWEQMYxMWEcPYguj/AdUyCmGQMH+OAAAAAElFTkSuQmCC\" alt=\"\" style=\"font-size: 1rem;\"></p>', '2024-06-20 19:11:22', 1),
(11, 1, 1, '<p>perfecto ya funciona<img src=\"data:image/png;base64,iVBORw0KGgoAAAANSUhEUgAAAMkAAADYCAYAAABBTMc7AAAAAXNSR0IArs4c6QAAAARnQU1BAACxjwv8YQUAAAAJcEhZcwAADsMAAA7DAcdvqGQAAB0fSURBVHhe7Z0LWFTXtcf/AiPDS0FAESQCgqBgtL7jI9hoYhJtY2rMy6Smjca0NkkTmz6Tr+nrS257035Jk7RJbW/axtt6o5EkkqgJSan4DOpQQV7DSxB5yoyAjDDgXfucMzKDwGZkQAbW7/sOzNnnzJnX/u+11j5n5j/qMgGGYXrEQ/vPMEwPsEgYRgKnW0OIRiuw4wzw/CmgyqI1DgF8PIGvhAP/swDwpdsjDY4kQ4j0GuCF7KElEEFLO7DnHPCnIq1hhMEiGUKY24CzLdrKEKOD8o2hJt7BgkXCMBJYJAwjgUXCMBJYJG6AxyhA79m5jKZPbRS12SM+SG/6Y9vHmxYv7dMV7TF+8uUGX7pPl+My/ZgCrqmpw//ueA+HjxxDcckZXGhsxITxIZh5YxJuv+0WLL/lZui9vbW9gSPHjuPp7z2H+vMNWkvf+MkPvou716zGmAB/rcURi+USvvP0D5Fx8Ag6qLr87pOb8cC6uxEUFKjt4ciRo5n47St/hOE/2VqLI4GBYxE7JRqr7rgVt61YhtCQYG0L8MVxA37/xjblGM7w8Pp78fyPntHWemZ7GfDQEW1Fw5M67dpIYMdNWgOReR54nJ7Ccbu38ktBwN8XAIlj1fW6S8BrRuDn9DLn0Us4ukJt742KFmD+fuBcNwW6EN53pwIv3qg1jCC0scY5drybgttWr8Mbb/4FJ7OyYb5wAUJrVdW12PfJ53j62efx9W9sQWnZGeq4Hdq9BoYPU/ehuLhMEYhg564PkV9YpDyfa8FkMiOTxPCzX/4Gz7/wIk5ln9a2MCMVp0WS8sFHeOEXv8bFi73PVYqR+smnf4y6uvpr7rB94egXJ1BbV6et0Wh4thJnzlTg0iUaSvvJZ//KwLskusrKKq2FcZb39n4+IMtg4pRImpsv4sXfvIL2bqKDn68vfHx8KFfuTGrzCozYl/YvWFzQYbuj0FhC0aqcBNGqtaikHziMM+VntbX+8c93dyN176cDKvSBpsUK5JjVpaRJa9Roo4+ymNrEtoILtO6+L3PAcEokxzJPwGxu1NZUvvOtR3H0wF6cOJqGzMOf4GtrVmH0aJ22lUbjzzJwieqGhfPn4PC/P0ZB9pEryzcfWQ9/f6oYNZYlL8Hn+1Mc9tnw8P091iPv7f4QZWfKtbVOPiFhFlDK1d7errX0zjNPPo60j3cpy69+/hPET43VtqhY2620tGPenFn4259fc3h+T27ZpO2lsnDBXGx/+48O+/SlHhkoRJ8/RQJI2gvM3Ac82KXmqabx655D6vbl/1JrGcYRp0SSl1+o3VIJHheExx79ulIkiwii8/LCpm88hE3ffJjEshpLFi+ATkcV3wAgBFBUUorGxi5Do0ZRSRkaqL7oC+L5R0ZGKMu6r30FixfNhxe9Fhtnyipw7ly1tsY4w9du//KALIOJUyLxHt05WyUQM1Xv/ONdpdi1pSMxMVF46juP4aVfPoe/vPkK3nrjt8qMkatJ/fhTZVatp4mBXe99iNy8QpekSXq9t0N0ZEYWTokkMTGB/jp2ul+//BrmL1mpLOseeBTPvfASPvv8wIDVITbElG9tbWfBPiNpuhLZbFRV1+AsFfHOPA+xb9rn/8bJk6dgtVIirzFhwniEBHdOBTMjC6dEMmf2TMRET3Yozm2YzReQdSoH/7czBY8/8SzWrNugTKX2tS5wBlGUl1ItYi+Ae++5C7O/dKPDiC9qEzE9LOP5n72EqUkLceOcZHzrie/jZNYpbQtFEW9v+Pr4wNPTqbeKGUY49cl7eXrixV88j8CxY7SWnikuLsU3HnsKJw2nXC6UXUrBXnEllRLp0MSw8RRNpjmkdgcOHoWxqLhfj3/fvXfjzjtWdDswMHK6m751xTKYOD08zrwxEbvf/RvWrf0qggLH9Np5xLmKV157q8fi+lrJLzDiwoXOWbbbVnwZN0ROwuo7b0PUDZFaq4qxqATnnTzLb+Orq1fi/nVrKNUap7UwI5FryiHCJ07Ar372YxxM/xgf7Po73nj1v/Dcj57B/feuwTiqC+yFI0721dWfd9mZd3GCr4QKdvvoIM7479q9B7vf/0i57SEudtLYsfN9SgNP91rAi/M73t6jtTWVb2x4AD989ilMiYnSWpiRilPXbr3157/j8NEvrnS4qbFT8OwzW6DTddYBX2Qa8Ph3vofGps7o8c7bf8Acqhc8KV2z56X//r1SwzQ1NSvr4jzJT3/yPUSEhynr3fGj536Jj/enSc/42/PT555Vzt/46PXdXru19bvfRhGlhx/s2XtFzNMTpuLpJx9H8s2LlPWeeO0Pf8arr/9JW1PPkzzxrY2YN3eW1tJ3urt2S+j97ghg52Ktgci/ADxHZdPOCnVdDAmLQoD3lwDB2gRkjQX4XQG9x7nqukBcBzaPguJhu+u4xPVaXz0AnJQEW752q4+I0fvwkUwcOvyFsrzzj53IOV3gECXyCwqVE2/2qCcDO0f3a6W2rh7FpWVoaXHuK3KpH32C/HyjtnY1osZaMG82JlPKZuN0XgEOHjmmRMHribgkTXxj0f5bgVMCgGfigVsnUFTXA18eD3wvoVMgAvF9+f+Y1Nt+1MHnBAGzaUmg+9ozmj6W6VRiiu03Ujmn4/mJq3DqLVm0cB797Qw8Ypr0wQ2bcf/Dm/HIpiewas2D+NVLv6NO3DnKR0RMREhIsEtmh3al7EFFRaXT5z4yTxiUSGE/rduVtXevRnLyIoeTiH/f/i72pO5zWap4reRS5PhbqbZCiMvZb6LIsX8ZcPYuIO3LwBqKNjas9PaUUnD+tFodmhID6T24DTh2q/pjDvaMJ5G9s1DdnpoMhDhmnQzhVM8VRfuymxc71Byi4xmyTimRpdBYfNV1XSL1CPDv/rISZ8nKynY4ix4XG42HH1yHJ7690WF5+MF7MYnEaU+hsUiJRL1x3z1rkLy085p0ETl3f/Ax0g8c0lquD+LS9f1VgLGP8x9lJJDXC4HW66vtYYPnC4R2u0/MnzsbGYeO4nyDFst74fFNG5Ri3seHhqtuyDh0jNK1PLS2Uj5BREXdQCJc1O21WuK7HKIwr7dLf5556lt45OH7sGTRAiVdsi2io5/KzlMuW7FFAXExZGJivHLe48jR48rJRhu3LFuCpMQEjAsKRMXZc8qFmRaLmt+Iq5jFScrp0+Lh6+ujtNlzLPOkMjlhY9KkcOU59FZX9YS4xuo9rc6wR8TN8otq3ZBEKVHE1U9DQaRmpxuBH2YBKdr1nWI4i/AFNsWo671xgQKt+EWUpm4CrvgC18JgYAWleM4gpmtzjaUuX6bRADlYOJ0DjR8fgh3v/AmPPrKeIkTnxYn2TIuPw5uv/UYZ1X196RNyASLtqa6p1dagXBh5w6QIZWaqO+LiYjBuXOcXr5qam1FVVYtmScEvItOty5Ph4dH51oja64MP92pr1weRQv2bXv4d6cCDhyn1LCfhkyCq6OUU0P8UEtdjmcDNaZ0CsdHQCnxYKV8+pWhlcf25X7enXz9OJ854H6cRXlxMKM5b3BAZgWk04sZETeYz1NdAd7NbQ4Vrnd0aqBN/g3mRI/+C4xBiOIpkOMDDPcNIYJEwjAQWCcNIYJEMIcbqep7evd6Iy2PCup/JH/awSIYQN4cCP00cep1RWC+smghsmqI1jDB4dothJHAkYRgJLBKGkcAiYRgJLBKGkcAiYRgJLBKGkcAiYRgJLBKGkcAiYRgJLBKGkcAiYRgJLBKGkcAiYRgJLBKGkcAiYRgJLBKGkcAiYRgJLBKGkcAiYRgJLBKGkcAiYRgJLBKGkTDq4Oli/kkhhukF/t0thpHA6RbDSGCRMIwEFgnDSGCRMIwEFgnDSGCRMIwEFgnDSGCRMIwEFgnDSGCRMIwEFgnDSGCRMIwEFgnDSGCRMIwEFgnDSGCRMIwEFgnDSGCRMIwEt/367p6cdu3W0GZ1oqd2i3FXOJIwjASXRZLjHxlwV4W2EjAGJx6IwXhU4tW3avBrrfmOpMn406IgIC8fk/7dorV64rW7Z2BNqLbaRziSMIOFiyJJJQ7aBCJovIB/5tH/vMYrAhF8nF2D4/T/eLFNIIJ2pBY2aLcZZujhxumWCfUndqDoUAYatZa+0FK4Haf3p6ChTWvolWpUH3gTp7/IIykzIxU3FsklXKwxwnyuDK1aixwTGspKYWnMR0O11tQbzXmor6mDpTIbF7QmZuThIpGEY/Ek7aaCDxYn0L+EAHxfbVCZFIA59G9OjI+6rjFjHNUpg0IgwpdtxJSbNyPG4fn2gF8yEpbfh7gV92CwniEz9HDjKeBKlO/dhtrmKExeux7B1GY5vQ35xUDonCVoL9iH+vomdHiGIGDaasRNjVDud2WfpRsRPla0WNFi3IPSgiJcslgArxD4TVmOqMRY6FCHys/+ilrMRfwtydArR7Dtn4+WFis8dGL/ZEyenoDRo5QdHODC3f1xWeH+6lsGTLqynEJKLTWLWSz79n8Uo4aaxUyYffumQ64p3C+3XUL7pWpUHX4f5sthCAgNgWd7HRpP7UGlVrio+9DSoa43Z72J3KwctHT4wy8sFn6+TWjM2wFjQRNtbUd7q0VZbCPJlf0vByNgYix8vE20/y7kZhjQpzKHcTsGqCZpx5l67aY9jW0o124OHHoELdyKpGX3YcrSzYiPD6G2OjTXqVsdaE5HmdFEaRVFilWbEbdIpFZbMX35Zkyb6q/tZEdzBs4UafvfuVHZP37lFkSGeqG9Zh/K7Wf4mGGDGxfuPaGHl4+XdpvWfLvp7DZqKkAJFvxikuFnlyrpA4WwuqGmjCJI1/39EZqQBE9Kwy7W92U2gHE3hqFInMfDS602+spV+3t68Rs5jHHRZxuOJx+bhQq75Ulldiveoa3isXh1dutO+7ZZ6ln464F/IBXnlEVVZDrWEz1NZVCEGU3/ms8aHM6btFQYlfvrfJWZAGaYMbIHwNBkhI/Xo6N2H/IOpaO+Ig/1OTtwavfrKKsRiVgXghZjoti/JhW5Yv9SA6pObEOBVqdMinUuIjHugYtE0nV2y4BXlctSusxuvZWvXpYyQLNbzuOP4CUbEDHeH23nMlB2dBfK8oxoHxOFwDHddXix//0IC/FHq9j/eCoqS6px2S8R0ctWOtQ1zPDBRedJHC9kFHz/Zkq5YH8ho8AH71PKBfuLIYkrFz46gcsvcLQ2ofWSFaNGUwomcjAZfdyfz5O4P1xv2vDyx2i/PgpE4Oz+jNsyQCLxxA3iFHhXAnSI1G4yjLvA30wcYDjdcn843WIYCW4bSRhmsOBIwjASWCQMI4FFwjASWCQMI4FFwjASWCQMI4FFwjASWCQMI4FFwjASWCQMI4FFwjASWCQMI4FFwjASWCQMI4FFwjASWCQMI4FFwjAS+DvuTL8YCd/h50jCMBJcFknYfXdkwpGkz7D7LjN8ceN0y+a+m4LqbgyDWktTadsOVAnHrSFOY654Hb0suaW0l7NOwKWounJfpj+4sUhs7rs5OHtwJxq6JI3t5lLaZkSjcHUb4rTWidfRy1JngvNOwCY02u7bD4THZNaebag0aw0jEBeJ5Dq777bl44wbexYGL/0JZq9Vl2mxgUpbwOzOttlLZ+F6OQF39ZgcibjxFLDNfdcfOn0T2izUj2Y8hXjN67Al63XkGk1KZ4uLpobyFGRlFWHMzK2Itv0gsTkduQcygZgNmDZds4CzGFH5RRpq6+sordFDHzwXE2cnI8iPtFi4Hafzq+A/fQumxNhZM1Sk4JShCPr4zYiLo8enUb/yRLp6jA4v6MbGI2zOaoQGdtrU9cRVz/sKvTkBd+ccbEDhrlQ0jl+likxQn4bcwwZYA+YidnEyFNc8cyZKMg/CbBZOxf7wmbgYUbPn0jbt8S5Y0E75nYdOj1Fht2Pm/ET1WBpcuPeZ6+m+G4KwhXMVe+jm7L+ivDtDU4G1mUZEC6xWbV3QQR2A2trbtCzfQh1rv6hjrPCNTkZ4NIVHcwZK0rajnvqgLmoK9K0WmM/YO11ZUF2Ug7bWYIyJIoGIY6TtomOY4BkYi7GhwXSMHJR/9mbPz61P9OIE3K1zcBfq9yE7/QjtG4bwBZpARFvaPjS06DE2fiXCIseivWIfcqmt2S2HzoFhgGqSwXXf9QheiSlxlKZcNqE289o/YPN/0ugpBiI0eQviZi5B2Mz7MH3FcvhZS1F5mgpg3UKMn0i9qz4L1ZrlNRqPggIGEDoLE3S2Y3ghYNYWzQF4I2Ykk4jFczuZjlb1Xv3HGedgIdyDmWj1isLk29YjWAlDJlRlUZtnFCJXbEZ04lyEz34ESUtmQdeUiQqjP8Jv2Yqp0SL9C6SUcOtVUWSk4MaFuyM+MzYoVtGgD9h4OIcSEWepxoXzFC4oe7iYbzezdKIIbdTWVlukOPUGxSZRKlOH+kJ11shyJo/avRAYJVIa7RjeSQiLseuowckQAQXmCti01W/66hzcloOiTyntEuJfbBOIoBSNIoB7NuGCMkuoLcZzytZmer2MyrARiWIVPX+lsEBB+7m9KKsSXegaoA7n+KZ4wSdUTZuU9tAFCA6gvleZQx2+FNWlFEb0SQi1N17x6OrGq4fHAL3TUufghlKYL4kbJpgru7HQHtW1pgiA70R6vaIIYxRc9NENEfdd/SzELaR0gcbY1qY+iKTD3mh3LEaLSTerF/xmUJpE6YvDMnuW4rwraqAJ0RHApWzUHDuKBnoYfdQC6lqCCfAVfavFiPP2ZVabASaxrg/UjuEC+uocrKMU6/ZHEEqBrbVwp11dRM9F6MsaiHE3dfN6p0WpuzHDKZJojF+FGG0a1QFPdWapsWAnqiry0JCXitzD9h1MjwlJYgKgDlUHqHivqkZrczXMRtpvP6Urdp3PM3YeAr2sMJcb0TEqAsFTO1Oc4OniGFR/HNyGsjwD6kvTUZRG9yfxBUxL1sTkAvrqHByUiGC/CEQmU21F0aT2oDoJAUQhfHoUPK35OPN5KtVVJnq9Z9FAxxAFvuN0ehMuVhhQW9FNJBoBuEgkQ8t912/mPZjQpXZF5BJMED20KR+VR3ehJK8CvrGJjiN78ErE3zQXPh1GVFInz967DUVZBrT7jBVzEZ2MSqT0Sn0Aj4nzlIL9CuIY8+i41mrqtKkoO54B80V/+E17CHH2dUq/cdI5WL8QMV8iUbSVoiwjHRYSvS56PeK/FAtPkwFl6a/T630bJfkV8AgIgO3EgM+kWBK9Fc0FqSg3HMZIPKfoovMk7uO+295iov6up9Sq91xe2a/DC56+/vC8Rutp2zG8/PwHNmQ76xx8FVa0NTdRptbDc1WOTxG0m/eCz5MMQzx9KBeXCESg7Ecd5loFIrAdY8Df5H47AXtBR/fv8bkqx+/fe+HODNDnx+67zPCBv5nI9AtOtxiGcd9IwjCDBUcShpHAImEYCSwShpHAImEYCSwShpHAImEYCSwShpHAImEYCSwShpHAImEYCSwShpHAImEYCSwShpHAImEYCSwShpHAImEYCSwShpHA33FnhgRD+bvyHEkYRoLLIgm77zL9YQREEnbfZYYvwyLd6jAZUH5oG07teRlZtJxK24Hy0mrxo/FDkMFzxbU5EPe4nDAopkItwuZufwoa+mQ6qbkea/cdCbi5SKxozHoThrRU1J6rhurqZkWbyYja4ySaA0PRbPRqV9yGY0Lc1Em1dVdhcyDucamppjhuQkNZKSyN+Wjo04/Ga67Hyn37gfCrpAEt97SwCRvauEgk18d913L6zyg00pusi0D4sq2YfddWzFz9A8y+fa1itNNem46KCuc9rwabDuHbeKnZ5ZHPZ+aWTgff2arfyOjYjZ1tt6+kTyqQ3ruNmHLzZsQ4fIYDTFe/yiGM+04BZ/8HxR+kwGQNROiyLYjs+tvDbSZKBwIx+sqPSNucavPR0mKFh0441SZj8vQExZTU3t02KsGCKoMBzWK/gChMnLMeE2zH7+LOqwuYYuesm4OSPXtxYby9S21X11x7V1ydsr+51YIO+hQ8vPXw1pyAO0yZKDcch8lMj9N+tYOv8FfPLwZC5y9De24qzutXYOaCXjwNS7bjxIlSRSRJMydojSpXjrV0I8LHipbeXH2rVddjej3TFJGJAxhQ9Fkamjyn4IbkNQgSv0feo6uv9njGehIIDWCeenh6TcFdP1iLJHGsIYjLCvdBd9+tLUWjCBLBcxDe3Y9z6+wFYudUezkYARNj4eNNaU/eLuRe8X/X3G1NGSg6ZgQCoxAwVo+OxlKcPZ6u+BMqHT5DuPNa4B+3EpEJSdBb81F+JA3qVEQbrEpUsE/yrnbNlWIVnW4f6ps94atY0QWiQ3HwfQfV2qFVf/VqVNHzqTfTG9GPX3zv6tXulKuv4licCrNFj3FzNYEMM1ffAapJBsF9t1n4jNBAFBAmvEB7pzkDZ4o0p9o7NypOtfErKfqEeqG9Zh/K7WfmRicievUWxNM+cSs2IEwY/zRWoFnZSP+Fi03wYsWtNjRhJeLoOElLtRHVacRjbaXnIW5HIZJuK37yXrMQuXQ9ZqxSn+uUpZsRH0/tl8+iSfX91PBCwI1bMOurLnTGdcbVl55Pebpw8VIdi9VoLnP1tUA/fSNmLlXt9UZHP0Qp8pohG0UE7lu4a/Zu7Rc7C+AeqSmjCNLVqdafOnkSCcyKi/V2FauXD/TqoYkQeDv0/gQEig5dtw+GlJdx+l8pKC81w9NX3epSGg0wfqTO1p0+kI4WD7WDdjik8P7QB3djfdcf+urq20FR9ZO3Udsk7Lg32KW7w8/V131FMnEyFH/Y80Y09DGEX+VUS0Jz7g3QU96+BXGJsxAQ4EVlTw5qj7+NrP0uTiMqdiL/ZA5a9QmYtPBRTI6ml1ky8FPG9khdfVtKYVb8tmmQqSpToroDw8jV10UiuQ7uu7pZGD+RPkhhjJlB4b1LJxV59alPU1Ar0iMaBUVobz5rcPgwWyqMSj2i81Wq1T4SiICEVYhb/hRmrvkB4qJpJG8yoPqstvkqqF5wctqqhSJbO0WJcTNXITgkEH6TkgfPDbevrr6j1AmTyeP1iiV4cYmtXqFaUOhrGLn6um8koVE96Kb7FetlUVdkp76JwhPpqM1JReGnLyPfWIe2i83w8KZdgxZjonCqrUlFrnCqLTWg6sQ2FGh1yqRYyahp43IeilMp/TmWAbNJuNVWo7lRJCf+0CkDpA4eIkWpPYjivDw0VGSg7LN/otb+AoMeMcFsNKChxoTRis91E8xnSlV9XTahoWqQzif01dXXNxYhlOoFL1mLYL0FjSf/qtlfO+PqS1pqyEa9MQ9V2vpQxEUiuU7uu6MiEHnbZkRGToCutQ6NJRkozzOg0WyBLmQuopevpw9Q7Cicau9HWIg/WoVT7fFUVJZU47IfFc7LVjrk3r0ThqBwf7RVCNtp1a22kjqGz7Q1iFSCYSLC4kSBbYIpZxdKjh1Ec+ACyDKMMZOoU5FITFmpKMnOQ0fsakSE6tFavB2GXb/Cid3baetgpSlOuvqOisLkhXMpUgv7651ooMDZF1dfBCZhLA1wHfVHUEav+5BRax+CuOg8ydBw31XdbulFeVPKcKX47kK/nWoFErfaNnqMVip5nHHu1e5jf7wOiwnW9kFw7+2JgXb11baDjn/3LL5UflBQ3W57EYig3061Aolbre4a3Gq1+9gfz0Pfy2MMBgPt6qtt799nMfAM0PvP7rvM8IG/mcgMCfibiQzjxrhtJGGYwYIjCcNIYJEwjAQWCcNIYJEwjAQWCcNIYJEwjAQWCcNIYJEwjAQWCcNIYJEwjAQWCcNIYJEwjAQWCcNIYJEwjAQWCcNIYJEwjAQWCcNIYJEwjAQWCcNIYJEwjAQWCcNIYJEwjAQWCcNIYJEwjAQWCcNIYJEwjAQWCcNIYJEwjAQWCcNIYJEwjAQWCcNIYJEwjAQWCcNIYJEwjAQWCcNIYJEwjAQWCcNIYJEwjAQWCcNIYJEwjAQWCcP0CvD/fiYQRl36dxgAAAAASUVORK5CYII=\" alt=\"\" style=\"font-size: 1rem;\"></p><p><br></p>', '2024-06-20 19:16:57', 1),
(12, 1, 1, '<p>todo readdy</p>', '2024-06-20 19:17:13', 1),
(13, 1, 1, '<p><br></p>', '2024-06-20 19:17:37', 1),
(14, 1, 2, '<p>a la gilada ni cabida&nbsp;</p>', '2024-06-20 19:19:12', 1),
(15, 24, 1, '<p>testingg&nbsp;<img src=\"data:image/png;base64,iVBORw0KGgoAAAANSUhEUgAAAzwAAAA3CAYAAADJ2U+wAAAAAXNSR0IArs4c6QAAAARnQU1BAACxjwv8YQUAAAAJcEhZcwAADsMAAA7DAcdvqGQAACB2SURBVHhe7d0NXFNXnjfwnxAg4VUC8o4gIgUBMYqIlIKKFluxWsc61XFs67ZuW7tdt+10+3z2sc/sdHY/s92ZHT8d+zrWrrQjrXV8aX0pbVFBRAoICigoCIIQISIIiCQQ8Dk3uQkhhNckgOn/++mp99wEwk3uPef87/3fkyn3GRBCCCGEEEKIBbLi/yWEEEIIIYQQi0MBDyGEEEIIIcRiUcBDCCGEEEIIsVhTymtv0j08hBBCCCGEEIs05Z68iwIeQgghhBBCiEWilDZCCCGEEEKIxaKAhxBCCCGEEGKxKOAhhBBCCCGEWCwKeAghhBBCCCEWiwIeQgghhBBCiMWigIcQQgghhBBisSjgIYQQQgghhFgsCngIIYQQQgghFosCHkIIIYQQQojFooCHEEIIIYQQYrGm3JN33eeXCSHE5GwEr0Jg/Te21K5eMWJOUPb8Ct3K9/g6IYQQQsjoUcBDCDEbdbDzEV8bG2XPixT0EEIIIWTMKOAhhJiNyM6N/X+0V3b0OaFTcZtfJoRYqnZpCSqblXxt9ETiIIT6uPA1QgjpM7qApzkTO3eVwHnNRmyZI0a3rAKl3R6Q+E7mBqYMh3emI79NiW5+jT4bZx8kP70eCV4Cfo0pcK+bgRK+1scDyf+4HjEibrkZOV/sQ0aT6gGe7uNmcicfqXsyUXoX8Ixfi9eXBvEPEGJaIjtbfsmAG8uxN9eHr8gRsvgrLJrGV/V0Krr4pclOCfndjn5tjY3QBULBwPV9BBA6OsCGrxmju7kEWbkVkCkAX8kTSAgUoLk0HekVHfwz9DkgdEkyJFP5qhG6O1sh7+ErI2FtByeRkK9MNiVI/V06SvnaaASseAHbYmjQPWqq8UU+pHx1bFyQ/PILSHLnq0ZoLj2GtKxqNHexY3eI8cMAAgGc7LmxhD0CYhdjfWwQzLaXN2XgTx8UoZGvajmGYdtrKxHAxhhZu/fg6IA3VYCYTduxbry6/l4pcr48ggwZa5fiVmNLjKbdHyd3a5GXdRpnLsnQ2MmvsxXCJ3guUlbEI9iRX0cs2ugCnrvZeP9/clHDFm1EAtbBKSEMTcJv1kvgpH7GJCVDxgepSNcGFi6IiXNBWW4t2nv5VaxJitn0iukaAKUMRd/+HWkl/Qca4shEPLdyATxV40A5GvMO4v3vpGxJTRwZj83LY+FjrgNQlo1P9uaiUnPQM+K4tXhrGQU9xPQGD3iEKPj8bewt56uciIP4y4YCvtLfgxLw1BzfhfcLNEczTzgLa+JkOHyylV9hAGtH/4O1o8YEPfKmClQ2NKLwx1yUtmkG3lKk/f4YirTtnAGB8dixOdaoNtzgdo+ECbbbPCwz4GnM24cvcppxj69rRKa8gjVBmkHpaKJWjrVpBrE6g3cbFggLR7NTdMvRrurTHJD04ktI9lCtHbPuqwfxzpdV2n7ZGAErtrD9QczXTEw34PGYhXXx09XHkmMAJIHq1+y7aqZE/U9nkVXPLZsn4FGfcJHCaV48Yrwc+LVM+X68ub9WvSxiwdhvVsKHe25pKwIiYhEsNuXJZl1KSHP34dMfZTpjvYE82RjoVTYGmnztEDEl63/7vzt+yy8Pq72pDBcLZeC67V4l23usHBD3xCpEOqsfn7w6UJ1/Ede0rbwDFjy1Ceu86nCurJUdEhzWGLT0IlYyHXaqupHYe+Md5ovekhJUa4ILNvDZsGUpArXHtgCOvrPgUJ+Hy82sqnp8GWaY5A8wwECww+m8UYbz3V6ID3Ll1xBiGjaCd/glPa1L8PmRGWDj8j4yL1jPzUGwPV/XoezZwS9NbnUXs3DxFlsQeyBC3ANZO2td2H/Bi+fDq2cKxJ6u8DZQQiLmI8zduPPAAns3eHgI0VSobuumBs9HjK8fQiOmwdPPD5FhQQbKHCQnRkFszf+SMRIKu6DosYW7gW0bqoSEzkWYhzkvZ4+VDBczr6GFDbwd7AWwsxPAqkcJpZUATo62qrqdlRJd7LMVOgtZYM89B7iv6IWT6n2fhFeu7mZj7+dlqFewv1uvuITFIaj6a3yS1zbgseFLN5oq6+EwXwL/IS7oDuteNc7lN7DeGpj9xHa8+sQ8LIwIw8OxCUh6OAaJsUMUtzr8cIkbmdgiKHoBgnXG2qPXjLOHTuKysZm4vNYmJcIXBpvnpLDOe4aOZlSJ5mBjfDi8p/YdU3ZOnvD28IZV+XF8WaLp/K3gOycWs03Y5csrj+DPn+WhtF6Gy0XN8E8Ig+ZCW03hKeTXqUdaCAzHmsg2HPjTCWRX1+F8QRkUM0IR4mLMzmNYY9an+HNGMzSn9W1EDvAP9kfQ1CnouNuJLj6272BjoJz2aVgSwqVgE0s1wmmpZcj5Yhfe2V2iurqj1duBmnpupP5gErLGNJhfVrl1e+ClYaMIINB7h/Xr7K+Avc5xPvBxExkk2NFozjmIP/xYxdfMpEuK8tIiFOmUctY4yvl20OR6WyG9WoHmoc5umwK/XeUNA9OG2uu57awy+i4WS1N3Lhp1/HJfK+SKrJ8e4pcfbMLARdi8OgyefF3gKkHKk2uxYZCSEmq+KwI24lmQREgGKbP4q83GEfrHY42B7RqupESY6cy3ifgk/ho7tr+iKutD2ArvaGzn6ztWTWcrxFjxPF/fnoRJvffKFUNesbg3qnxEfT3oNMXlEK0OlB/6CG//z1/x9h924YCZu6b+6nF9qLw6FgQ7jaafvtPKQijzEs6NRbIX+4gLj+DtoxX82j6NWX/Fn06zgJC1BcnRRkWDBnHBzs4vdfpaDzfWmms0o/J6387hM30mbMCdnOFXsH46a+8+HL0xWNrtGNWn4zNum3nieSvx1usvYdt61vZs3IIdb23HWyk+2nRD7r1L1c04IBZnhIetBxY8mowNj0YiWK9/qvluHw7f4CsPmG42GK7kl1WmuWkHKBZlmGBHozkn3UCurwm1leHYwQyk6ZQ9n6bi7Xf3qHJ7Te5qOmuEj+BwqbkiKh6/XXt27xuwHTXnuO0s6H+i4OeuNwpZ+Zrzne1YuvQSNOcj287F4hK//CCTF5/G+4fLtCdQlA35OHzoINIGKUdVl3jNQYacfR/inZ27Bi3v5xh/8MlvZA+5fdpyPB+N5j4BQUZGIEbCps3Y8doLWN/vzB/PKxJbX3lB9bh+eWtTJHzMdXJOpQpFlzSDZDkqa3U6pl45us3ZpHfJ+ayPQcxIZMHteqyb6zLCFKhWNJo74rHyRNKW9UgyEPToBjtbnl2NCEfTpo/Jb6TjI91gh3udzYl9Y6mua6hp4JdZeBE8gxtEeiBpczIkmtR9kwc9chSdKekLNEVBWPNoGIQsMHvnP/+IN3+/E6lsXMAFQSv8+ecwpVmZZg9OycQZUUobd/Pe3hMFqHJYgCf9G5BbrYAwOBFvbH0cS2Ii8ZCrcMgrEz9k5uDj1K9U/+oXzsxAnT3OLPRT2qwgsrmBEyeq0K65g4lLz1u1ElGupmwM9F5X4Ib5D4dC/5ym7HKOOg1mkMeNMsJgR0U0DXFxkfA2V0odf/ndLnY13lifgMRF8xE3sxtVxTW40GDCdEINsR/CffwREToNoin8OnPQpBXcV+BaXSfmSILgyL+e+rN1QVRiOGvif34MpbR1X3gSnxbzVzS887Hxl1fQmTMHqoyH++5ocz6Lhb79hxwPSkpb5/VC5EvZ396rQCuXzsZxDMT8abU4kVOHBlmLwdLYK0Z0uLcJ9v++Nked0taK898V41qHoVQkdel19kPcQ9NgTFZb/dlvcPDCLYPb1q80NMF+1gIEjzC/h+sjJqbvUKe03bjbhIbaKygtL0N5fQta29ohk9WgnNVLK9n2tt1D220pqitYvbwWdbIO2A2T0sb97ROyTbrpT9w9HE+/hDUzHWBnq+6/O2oKce66QvUohNOxYetqhAgUUGrSgWxd4CASqp4vcg3GXLFuSjgbyC6YjyAD6agjpvP3eYStwvLptSi93o774jD88rH5cOeuRMoysfO9wziSWYibnuGIUq1kmi6ZLqWtpRwnte+TAdOCsXxuCHwfmo+ESBHuVlWjXju2MIS9N9FGvjeDEfSgueoWRLPnIMrbB8FRfuituISKiho0+c5DZNcp7Pr7dXTywU4oCzDsehpQ3iSEJCoc3kb+TapgZ28JpLrBzvPsdXR3/5oCHCpuVu8nVj5IfJz1hVz/KPBEpMQVrWUVqOfGJ6z/rCmuMFF6WwVOH65Ag2Z8J+hF5+0a/FR4DTLus7rfizYHPyyZ5YqbZfwtBZy7SrjHRMGfbuaxSMNOWtBeuh//fbCWvxTuguQUH2Rm3MaKZzYjbhQjON0GXWN5YpyqmJ/+pAUGWAkQsHg9tsWbcvYQvdcVzsLWN1f3T6NjSg/8EamX2cIgj48ZH+zUOARhaeBtpBf0Xd4dQOSB5Kd/gSR/01/u1uJvsMTizXg9oW/nKdr/R6SVT8fmt9dDcHwXvm6OREpoIzJPCbDsN2sRwbqemtxjOJQjhZQ1SEKf6ViWvBIJ/grkffkV0jtnY+szifBknXb31SN477gMD615DinOufgk9QI8uBtyg9Wz5snmLsRMaQFOVrHuzD0Mv960CJ0nD+NQaTN67H2wcuNGfr9Work4HWnZFZA2sabaUQzJo2uwzlAKDr9drWwwIO+UQzhvNX6XMkv1kPqzVW9bBLfiThEOH8pF4c0OyFmQHTAnFhtWSCC2qkL6R8dRGpSM1x9V/yyn8vsPkVYVhM0vJkN8PRuHfryAKw3saLRzwMyFydiYMPwMQIaOPQ1zH4MDJy3wwMkPtuNQvbo2I2UnXlskQ913/wf/dYYfBXtn47evHIduNvVYJy2YyG0npmHoMzT/Z6eetODW3HgsDVKHoTU/ZSBHMQvrEvgbw+uKkJbXg5iUaMxU7eZS5BwsA0YwacGEbFO/Gb0GzmamvRLAcZfg9ZcjUarTf3nqtdvD/b5R0/l9EWvfwGZVg6lDzj6Tv6SjVHvyzgExGzdjHRfdaG+KN8GkBf22y4DZyXh3XSRf4SjRXpWJtMNFqLzLr+rHdDPHjYiyA+2sixDaO8DGSj07JFiwKjQ2htDXlY8972aifKhgh2k8/SH+lMWHj/6x2PFcfP/7meRlOLD7GPI0QQcLija8uRESY/7eYT5Dz7lJeO5xCZzY897fXdQXsI337HVkXA15Ubp/sMMOoMAwRMxdid/9ZnTBDke/MTd74z4kMda89gbefW01Erz4Vb1K1Jzchz3Fmq01BYHqPy35bcgGNIi1uK65mWGKwHSzhGiDHTao37IWSY9vxLbYQTrh8Qh2BnO3CCXX2b/ubuBmJFbek7POIx8H8pTwDPZRXe1qzNqH97+vRU9wNDasjcU8Fkge3culj4kRsyYavvX5+OxH1tmxDjHtSAVa/WKxjJsZoleB9jY52lSnlpRoY8uV2QWQBcVidawHrGVl+HzXV8i3n40nlwbB6a4Uh8+yAQvnbgEOHJfCc14i1q2NxyL3e8g7+BWOai/ND+Sy8HFsns2CnsJ0pJYbOD/Iddh/ZYOmFtZRr0jCujg3tBdmYOfBEnaMBSEy2BqNefko0oztWYeSldcBm+AwBCirkHH0AuSB0Vi3JgnJLCouP30Q+0awvw52rE3IMXgzHll8sANhLRbNVqdT+S0qgJ9qibkZjSwTpcmO/7ZzA4xWtOsU9T1qA9f3lcGmq36QDLV9g5WRbbf+Z2W+z24goVeY9n6nYK75FLkhTHP/UyCXj2MNnxDN/VDTR3xj+kRuk1oH6vXuOfSM3diXtvbcw/CU16Pe4ACed+euagIjc+puYO0jl4K0az9SU3WDHU4H8vbtQ7o50qFHqZvbn005dDAF3dHdkCM9E+lUsFZAnxw10r79TDyD9bP88kQRx6zFq0+EoD0nFe98ohvsEEs3aErbwGAnFts2xavOoo+V5lI99+94N+79U9pECF0kgb+jG0Jm9eJSbp32pvKmhk4TzqgigrDlInJvaLr1TlxvtMLs2X5w5N/Hxqz9+PKKOo1AGLYQKWHGpZaodJUh7eNTqFAFOyv5My62mDozFCGKCuTX8WkLnPEMdviUhcbrF7VnOH84Vw1ZrxCSlasQ626rTgHrkeBftq1GbJgf+xzK8O3nJbgTtRL/9sR8eHtMR+hcJ7T+VIKsNicsnyNBmEcdTqYXovBKDaq7p2PzM4vhxb2J/Os5hMchyl2dojIlcQO2PhwM3yBXdBRdQmv0U/jnpWHw9nODopTtI/ZBWD7bk71dfpgfG4ogsQumuvkhMrATxfm1sJrJ/S715mjxr4PABVizxB03C6+gtEQKl5hI2FztS2kT5H6DgxUOSHn5WSwP9IZvQDiibMtxMvcGbMPnI2q6ApfOlUHqGK5Kiem+lIn9ZTZI+sViBIhcERo9B+Gerpg6dRpmRDlBxrbntlco4gKG/+w0x15VjTqSGK8Bln5K29WMDTgt5Xf+XgfUlDyCk2cTcfL8DNxRWEHd9whQrWzC4+F95+eMSWkbz22vOf4B3v17HrLOFWrLqfxbcLh/Fh/uy+m3vq8U4GSjCIvDvY069pvzUvH7vaeQk5uNYxk5OH3DCjFzunDivz/FHlbXHnP6xQSvbWi7hy8j3+7x7zvU7UWXTnqaqm3q8kOiJvVWlUbVpe5LVGejB/7MUMZ9m/qltPVCVlEFha8vvG2U6OpSoKtHZ+SnuIkf0k4g/w5fZxwDoxDny8YG9zrRUZeJj78qQ4v2R0yd0haHhxTp+PCzi5Bycyl0tho4WchRoPpqO0KCFcg3VUpbv/fJAC6ljesjmPbrGdi75zC+KW5Bx6ADZxO8N4PpqsDRz/bjvG0IIj3YPqesRfqevfjfH0rRokppy8Qfdx3D8YJb8F8YCnfW9HZXHcNf0kphF8b6PWOuolj7QhLajUsXpOopn5WtuFhYB+/54fDQnuitQNYRTWqZAJGPLO8/M9yAqzsuSHp+E+JdjIzQ7BWoOaOT0qYlYPtWOMJ7CrHnSPXAyYSs3LEgKcq42QbJpGUw4DFHsKPBNe6ahn78DBLwcDu1nQCtulNHs432MmEOp5OPkA2Ar0HGn/pQttTi3Bk2GDlfiJzsLJyu5IMPFnikrFqGQFPEHZ1XkHWmDvdCFuKpcN1vctQLesb7yg7fkfR4TUfkDDf1tLRzY5CS8hjidQcV97wRtyAIqvsZm4rxfV4D/ONWI0pzVXHKNPTeZM+TOWMOe95Udz/YVeXhPIs5JGt/jSWaHZV/Pd2A5x7XaasCBAVuFF7ELU8JX+f3EQe+M2vKVuWKf5N/GUUX2eCsuAn3FEqIVb9L9dv78K8D7nfPDEJUYDvOs8/8/LVOuNs1oLpJHfC0551iwVwoVj3CbxtjJ2xmgdR19Mxgv9fXA3Y385B9wxax8xyR/20WrnrH4Jn5vrBmQeyB9/6GL84Wo6ikGNl5NWiSK9mxqdme4Y37AIvpF/D0RiH9AH+vDue+FRQKAV80wQ6vwRmuDxfAn+84jb2HZ7y2vd+01K7jOy21iA3EHo5LQFJCFFxqClBaLYXcn71uWyXqldbqqZQHFGeESOZinrdxp3gc7LsgV45hWupRbDf32Wk+R/NTtxcVtZeRW8ACudw8lDQooWxrQFFhgaqeVXYbXcpOXCthbflP3HOuoXGU01KP6zbpD+R7O1FTfNFAIMpK3hXU6AUYqoBH8QN27D6F7GL97zUxdcAzDTcOZ+HySC4BTnFB5MweFJWZKOAR3EZ5Nmtf+eoA7Dhb7NeG01+nYc/pOjQPm23rwAb6Rk7ZPZiWC/j2ZC3qRP5YEtTBgp39yGBdkXheMp6L9YTAMQizplzCuUopivigB5cy8f3lJtjPNMG01A6BiH1oiKCnvhCHC2VQv0VeWPR4JHw1Zze4jIwPTuC85jIhC3aSt76A5aYYaMIJSmkeSm/zVS0rOAg6IK1rwM3bBq5Iec7GykWB2v6ZWJYBe5Y5g50HAredxszOqU8Yic0vJCFGb5DcfVfzRWlsUOg+HSks8BhtmuCgHOOxbgX7ZReO4Z3jelNU9raispa1MBOYxuYSurhvWtrYSAQ46+b96RGLValuNVL+S8tUZGjk0himOqtS3uTl6fjuhpB7Koq+z0DNoGfaRq4ytwBSwSxseZOfcnZjGEbcl/uyzmaxCxu0FyFDZ5rLae7svW5uRI1uB9nETYXO/nbVeFMISfQsCKUlyCwuQr5UgBjWeXOxd/uFc8i7K0bKK9vVf88rD4/pXi9usD9ewY6+7ouLcE7TsLhKET33il65Bj/tOHE6sn4y1QGhNp7brpqWes04T0tt66DO05flIoc7XMRhWBDogbiNL/HTJhsqW7B5nvH3Ldr4jnFaajNOx20KPnFrsf35X6tKCpfX7yXBP/D17Unc+ybG0o18/flYzFT91CQltGMtzNgJ2c8PzpqbrdmEZmDlIDPEDSj/lIzQIbqQUeMmceAXDbqajt/uPIL0Kk1jNhxHOJt7BN0t1Ql2VmJ7Spj2s/ZMeA7bE9hx1lmBPX8+gisDRvlG8khk+/4C+GjetM5apO7OADevXnt9fd9VFC9fBGuDPhkyUtNRpAmq+WAnyWRNPutLH4k0OAGUXwxre5YFYWDLI0REQrRlztRLVPqFMfLyn2GwU1+CIt15CD0CMNPUjdNUCda9/Ab+49W12LI2FgmRQZBEhiE5JQlbt76E3768HgkmDjw8YzZjGwt6uguO9AU9vVJk7NmH9JYJvGdntKzCEBMpRHteOo5WydB+V4bK71lnw80yEx0JG3kJ9n/LRnfzkvHW80mIUJTg0yNlRt8TYWPLtd4KdGqCE4V8VL/TM+EXWKN34tYzYjZ8rKQ4ejAXUi7nuyEXe7i/3SsSC3z5JwVLEDO1A1nfFKFROAMR/M2TQtYJ9/uui66hv1Nj8vHAmXPc95aouUWcwDNP7dUrn+JXC/qSDOrOLUE1v/ygmahpqduvHsEfPinCLRbsbHk2GQGs7ea+aV33u6/6lxJITbAjySszDG7XwJJtkhMS48VG6AAnRxdVseeaBGtrbd1JtQIQaeqODkMPlCea6kSYDzydhXAaZfEMjsW6aDZEFLD3Y8DjDghdsQJxJuw3S49+hD98/Dl27h5B+Xg33uHaUZPxReBQ5wBYwDCq/sXfBwH8ornIS/INBjtqAvgs7gt6jmab4c4r/aDnTqvqS6Urr/e1a06BM3QCkFa0aNIlTR7s8DQnHvtRojKTtUM/Vg24/0w8LwnrQx+AMREZM52UtjJ8/VEB6vicRy7YeXFjPLyNSeyeNPRT2mzhGx4McVsB0vYV4obmjIeVA2JWPYYYsamuPcvRWFmCCmkDGmQNkLVxl1Bt4ezmCnc3J4jYe9t17zZk7DHu8Ya2+3AXOxl/Dw/P0TcKs0WVyM0qRHZ7L5RnTkxssKOb+jVIGpYqpa1DJ6WNNdbuD/nB4UYp0jPPI+vcRZyXTkFw8lo8G2GFvK/343SvBP+8IRqONp6YPa0BWSeLIeWmLLWvGyKlTb1PNHj0r2tS2qb6itB0vhA/ZOYht6AA5+o70duuwNThUtq02yWCf5gTn87IT0ttH4i5Pi0ozi5ExtlCZJ2vRevUMDz77HJwcyyoucD7fjmyKjshjlmGNTPVDba1hxusKgvww6kcnClin+eVO7jPXSIcRUrbRNCmtN1Mxt4MH6gualq1IOnJozCUduI8TYSSszNUnSW6vNDtm4G57P1+oKelFvlhvmed2aellp7+K/58TIoOGzHiE0Mgam9Al7AJ332QjpNl1Sg1WK4ht94Kj0T5GTVYr889jm9GMi11UwucRzEt9cQx/z08E8HRNxJxsTFIHGWJi5yunmpfHGLg8QWQ+JrgA5XfQF6eVH1FoKdv2vQRFe1VC3uExBh7v4wIPo4NyClt4WIbIwkheTwF893MFArrpilOnY6kKBe03WpAa68z3B3V4xjuhMflGvYcew825qlHjSr3zAq+c0yQ0qaLS2+T+MHf2wsLliYgRNSEy5l9466QuMd0+k43zAqbBk8/P8QtW4lo3Sk5TcgxIArhdlW4VN0BzXzEnW2sHdJNZ7MSImBRMl54NAwO5vz6CjLhdKal7kDpoc+QWiKHU1As/uHp+L5o/YHGTUecjvw25ZBnZWymerCDNAVrTPrN383I+WIfMoaaDluX7SxsfjnZ5GeDGvNS8cn3MrSzBi/5qQfkyo4hXR1o72JdiGq6TX6dmXV3tqLH2tRTeqqnCu3mzpYKR3eQdctbWRg9+p+bKCI7ridrx+3iX+LoFX4Q6HQJT64ogLO6pscVl75/AtoZ1L0KsPGRWigVA5KxJy1un9H90nobIdt/2Melv76PAEJHtk/ztbFqry9CZQtf4Yk8QuBx7+qA+zF0idxDEOr1gLYJZqOelrqUr41GwAimpSaGcYPzyuaxhxki1yDM9B3pF4IOrbn0IFJ/5AIw1l4PM37QZyMSQujgDMmy1UgJMeO+MNj0y45h2PbaSjaWaEbW7j0Y+IXi4zP9cmPBPnyR3Qx4zMUmNqacsGyhu7XIyzqNM5dkaNTcSiBygE8wC+ATExEhtojBLhnGsN/DQwghY2UjeBUC64/42tgoe15Et/I9vkYIIYQQMjoU8BBCzEod9PyNLQ2YBHQYTizY+RUFO4QQQggxCgU8hBBCCCGEEItlyfOvEUIIIYQQQn7mKOAhhBBCCCGEWCwKeAghhBBCCCEWiwIeQgghhBBCiMWigIcQQgghhBBisSjgIYQQQgghhFgsCngIIYQQQgghFosCHkIIIYQQQojFooCHEEIIIYQQYrEo4CGEEEIIIYRYLAp4CCGEEEIIIRaLAh5CRunrw8dUhRBCCCGETH4U8BAyCqpg59BxdaGghxBCCCFk0ptSXnvzPr9MCBnCifQMfPfdSb6mtmLFUjyWnMTXCCGEEELIZDPlPsMvE0IGkfb3b5F24Chf62/DuhRs+MUqvkYIIYQQQiYTSmkjZBhDBTsc7jHuOYQQQgghZPKhKzxkUrhWVYsvDx1FUfFldHV182uJsWxtbSCZMxtPP5mCmUHT+bWEEEIIIT8fFPCQCccFO//67+9SoGNGXODzX//vTQp6CCGEEPKzQyltZMJxV3Yo2DEv7v3l3mdCCCGEkJ8X4P8D40Qgg911sJAAAAAASUVORK5CYII=\" alt=\"\" style=\"font-size: 1rem;\"></p>', '2024-06-20 19:28:22', 1),
(16, 15, 1, '<p>testing</p><p><br></p>', '2024-06-20 21:26:54', 1),
(17, 15, 1, 'Ticket Cerrado...', '2024-06-20 21:26:56', 1),
(18, 16, 1, '<p>test&nbsp;</p>', '2024-06-20 21:30:03', 1),
(19, 16, 1, '<p>test 2&nbsp;</p>', '2024-06-20 21:30:06', 1),
(20, 16, 1, 'Ticket Cerrado...', '2024-06-20 21:30:10', 1);

-- --------------------------------------------------------

--
-- Estructura de tabla para la tabla `tm_categoria`
--

CREATE TABLE `tm_categoria` (
  `cat_id` int(11) NOT NULL,
  `cat_nom` varchar(150) NOT NULL,
  `estado` int(11) NOT NULL
) ENGINE=InnoDB DEFAULT CHARSET=utf8 COLLATE=utf8_spanish_ci;

--
-- Volcado de datos para la tabla `tm_categoria`
--

INSERT INTO `tm_categoria` (`cat_id`, `cat_nom`, `estado`) VALUES
(1, 'Hardware', 1),
(2, 'Software', 1),
(3, 'Incidencia', 1),
(4, 'Petición de Servicio', 1);

-- --------------------------------------------------------

--
-- Estructura de tabla para la tabla `tm_ticket`
--

CREATE TABLE `tm_ticket` (
  `tick_id` int(11) NOT NULL,
  `usu_id` int(11) NOT NULL,
  `cat_id` int(11) NOT NULL,
  `tick_titulo` varchar(250) NOT NULL,
  `tick_descrip` varchar(9000) NOT NULL,
  `tick_estado` varchar(15) DEFAULT NULL,
  `fech_crea` datetime DEFAULT NULL,
  `estado` int(11) NOT NULL
) ENGINE=InnoDB DEFAULT CHARSET=utf8 COLLATE=utf8_spanish_ci;

--
-- Volcado de datos para la tabla `tm_ticket`
--

INSERT INTO `tm_ticket` (`tick_id`, `usu_id`, `cat_id`, `tick_titulo`, `tick_descrip`, `tick_estado`, `fech_crea`, `estado`) VALUES
(1, 1, 1, 'TEST', 'TEST', 'Abierto', '2024-06-16 11:52:37', 1),
(2, 1, 2, 'test', '<p>test</p>', 'Cerrado', '2024-06-04 11:52:43', 1),
(3, 1, 3, 'test2', '<p><strong style=\"font-family: &quot;Open Sans&quot;, Arial, sans-serif; font-size: 14px; text-align: justify;\">Lorem Ipsum</strong><span style=\"font-family: &quot;Open Sans&quot;, Arial, sans-serif; font-size: 14px; text-align: justify;\">&nbsp;es simplemente el texto de relleno de las imprentas y archivos de texto. Lorem Ipsum ha sido el texto de relleno estándar de las industrias desde el año 1500, cuando un impresor (N. del T. persona que se dedica a la imprenta) desconocido usó una galería de textos y los mezcló de tal manera que logró hacer un libro de textos especimen. No sólo sobrevivió 500 años, sino que tambien ingresó como texto de relleno en documentos electrónicos, quedando esencialmente igual al original. Fue popularizado en los 60s con la creación de las hojas \"Letraset\", las cuales contenian pasajes de Lorem Ipsum, y más recientemente con software de autoedición, como por ejemplo Aldus PageMaker, el cual incluye versiones de Lorem Ipsum.</span><br></p>', 'Cerrado', '2024-06-03 11:52:49', 1),
(12, 1, 2, 'test2', 'test2descript', 'Abierto', '2024-06-01 11:52:53', 1),
(13, 1, 3, 'test22', '<p>test22</p>', 'Abierto', '2024-06-06 11:52:56', 1),
(14, 1, 3, 'test223', '<p>lorem impsuip</p>', 'Abierto', '2024-06-06 11:53:00', 1),
(15, 1, 1, 'testing2', '<p>lorem de lo que sea con alert</p>', 'Cerrado', '2024-06-04 11:53:02', 1),
(16, 1, 4, 'solicitud de sistema', '<p>necesito actualiza el sistema&nbsp;</p>', 'Cerrado', '2024-06-06 11:53:05', 1),
(17, 1, 1, 'testing de ticket', '<ol><li>testing de tiket 2&nbsp;</li></ol>', 'Abierto', '2024-06-06 11:53:08', 1),
(18, 1, 1, 'testing fecha', '<p>fecha ticket</p>', 'Abierto', '2024-06-16 11:56:30', 1),
(19, 1, 2, 'Error en sistema ', '<p>tengo este error en el sistema para corregir:</p><p><img src=\"data:image/png;base64,iVBORw0KGgoAAAANSUhEUgAAA+8AAAFUCAYAAABV6A26AAAAAXNSR0IArs4c6QAAAARnQU1BAACxjwv8YQUAAAAJcEhZcwAADsMAAA7DAcdvqGQAAFwiSURBVHhe7d0PfBTVvf//t6UufyQIhiLGoqSoKe0FrU2qJcU2uXqJUoi2JLay4jWUW4J+CfRXom2JvTXYSvTahFsILSZWCa0SrASqhCslrRhEQhWTCgkKQZAgNBFkI5CFdH9ndifJ5n/C3wFez8djk/l/zpyZ2Z3PzJkzF1UfqPUJAAAAAAA41mfs/wAAAAAAwKEI3gEAAAAAcDiCdwAAAAAAHI7gHQAAAAAAhyN4BwAAAADA4QjeAQAAAABwOIJ3AAAAAAAcjuAdAAAAAACHI3gHAAAAAMDhCN4BAAAAAHC4i6oP1Prs7hNUq60rX9DGGtN5xS26Z8y1ujgwokMfvZ6j1e+bjmvu0H3fuCIwEM3VvquVyzboY7u3667TmP8crcF2n47VqrbOpb59XfaAk9GwvUP1tQl3anhfezAAAAAA4LQ5BcH7xyr86XeUWWJ1uxQz+0966JudR3RbF31LM5eajsT5Kpzy5cBANFf9stK+/4T8Rdstd+vXryZruNVZu06Z309T4VGXxj3+Zz3w1ZMN4Bu2982a8cfHFTfQHnwm1HtVW+s1HS71vfRUXIgAAAAAgHPDKa4271XRk3NU+JHdi5Nz6Y265/Gn9HjLz0/v1jD/BNfquz9tY/zjd2iIf7zxSY0+OGp1ePXRgVr/oHPWgVc1d8K3NWFCjrbagwAAAADgQnDqn3k/ukGZv1yuXfV2P07cxVdo+Fdv1A0tPyOu0mX+CUI1ZEQb4796tRrrPlx5px6ZN0sP/Hi+fhQTmAsAAAAAcG45pcH7Dd+9W1G9TMfWTM3JfVfHAoNxlg0YPlbjxnxZA3rYAwAAAAAA55QeqQ//9L/t7hN0RO//5QVtqJKGjJ2tB762Ry+v/1AH3n1X3hvH6quD2o4Yq9/6vVa/azq+PFburw4KDPTbq+LfL1XR5k81+IagO8jNNEyzSz2v+aI+187jz8c+elevLvudnl60WC+9slKvrCtV1RGXPnfl59X8kemPtXn5H7R6w9s6EPJvCr+s4yh3199ytPyvb2t7/VB9Kay3PdRW/7G2vrpCS/Oy9Gy+SdOku+4f/9Tx/lfo6tAQ9TgVl0sOv6eiF9erSp/XzRNu1TV97OFtshqYW6xX3ui4rGp3b9DqP/5ezzxjl9UrJdr5rz4a3KqsGrZ3B2nXmzRfNWm+/ra27gtR+DWhapXsJx+o5NXfK3dejpY2pPfpEYVcfp0+13KZe9bp2T+t0Ttvv613yj80ayR5//WRtm82/bVX6IarQgLTAQAAAMB56hRXm++pwWMe1SPjrFDtA734k0dUVB0Y03Ufa8uSxfrjkn/ogD2ktYZpNtjPc7dgAuiShVP0nXsfUOaSNdq8q8YMq9Guv6/Ri/Me1n99f4qe3Rz8/PdluubSnWZ5izX3j6/5g8N2HXtLK5+00n5LrsHNq6HXbl2smXd+RzOfzNbK4ve0fVvgs3nNYmXO/L6+8+PF2nrGHzv36oM3OiqrvSr+9RR9P+lhzX/RlJWd5+3b1mmlXVaLSrrR3r0J3DfnPmDKYLGWbZBuuOXaFhdgvNq1Mk0TJtyntHnLVbxtr46ZYfus9BY9oZnf/7bSV++1p7Ud+Id/2/xx+QYFmlN4V0X+7W8+W7vfFj8AAAAAnGtO/TPvcilqyq/1XavFtKMb9FTWy/rojD7/7tXW3JlKe/E96d/u1eOL/0+FK/+k+Qv/pJWF/6ffP36vhus9/XHWA3p2q9VyeUDfb9ylcVaV/7+9pKI9gWFtqX39Ja20guBv3qWYKwPDLMf+ka0fTc/R1qMuDbtjluYvNem++lcVmjT/OH+W4oa5zDQ5mjk9W1uP2DOddR+r6L/vU/or7+nYpTfqvvRn9cdXTJ6tfL9iyuzHYzXMlNWLj2aoqCuNENqB+8NLP5CG3K2MX0/W8BYVEz5a/YgemLdOtUPGasb8P5u0/qzfzX9Wy0yay6xyGlKr4idNYL8mKCgfckegIb7GhvpGa0pD43y3Xe0fAgAAAADns9MQvBu9v6z/nHWvrjKdxzY8oUfyTSB9hhwrWaBUK3gcPkPzn5ysGwYHVdju4dLgr07WrxfMMAH8B/rjEy9oe8OFhYtvVNzd1vvm39WLRe3ld6+KXlpn/rs07vZbmu4o17+nZU+9oF2mc/h985U50wS9A+x0TZoDrrMC1UWaYr27bfcL+vULzmgPoPZvC/TUBq/U61Y9tOgpff/mqzWg4SX9F1+mYWNmKfNXM/TA/zyqmMaXxrfHumjSFLj/en5yq8Bdu5dr7pMbdKzXnUq3AvXrmt+T7+svp8c1rpdXJVkLVPyJPeLSqwMN8TU21BemLzU0zje07QcrAAAAAOB8cnqCd+Pi4ZP16I9vlhUL7sqZo0X/aLrLffrsVeHi5SYwvkL3PXinrmrv0fUhd+i/Ek2gvnuxCjc35WtYzN3+d6N/VLihKagPtm2NXrTeUXb5vYq7oemiwLG3Xtazu03H5ZP14Pev9a9zKz2u1ncfnCwrBt615CVtPOtvbftARUvXmLJyadwjqYoZYA9u4eJ/u1Pjrmv1xHoLJnBfNEUz7cD98XltBO5mms0rFvhf8Rb9ox8oqtV4W++bdc+DN0tH12jZay2qzwMAAADABeq0Be+Wwbem6IGb7effH8/R5tNdXbz6LW20osNet+qG6wKD2ubS8KhbzH+vSt4zAWeDK2/V+G+a//uaB/UBJvh8dbH/mevhd9+qYUEXBt79+3L//2ETbmk2vJXrbtF3/flaoy3v+4ecPR/9Q8XbrI479LWgCxHdFxy436n0/0nWDW3dDK9/TyWFVpnerG+0OUGTAdeP1g3m/9ay9ztufwAAAAAALhCnNXhXjysU99NHA8+S73tBab88zc+/f7RLJdb/S9/T2t/n6NmOPqv/EZhlx0dBAWJffeP2O3WxCUhXrmrRcN0nr2nlciv4HK3xt1jV6xt8bCXrd8PQzp6/vlpDRgS6du07yw2tVe/SZuv/DddqSJtVBbrCBO6/fyDwmIJu1APpMxTVzh18HdipXf4G8zzaWNDG9gj+vLgu0DDdlp3aZ/0HAAAAgAvc6Q3eLb1v1n/96m77+fcszV9zBqpC79uglQ2tkbf3WWO9p86oPdTs+fOLbxirey43HS0arjuwYY2Kzf+L77xL37g0MKyVz9r/O9Cz47fQnXkmcO9pd3ZPjYoXmsB9yXt2+b2lla905Vn+oJbi2/s0tCq/r1Zn4mELAAAAAHC60x+8Gxf/22TNnGjdlfaq5MmHm7Xyfkr17ut/ptx69ny+1WJ6Vz6/HKtmN4t7XKuYu79sOoIbrtur11/eYP5foXtuu7HFM+0uhdi1wD+u6aySd9Ndep3tIL6hrHZ9bHJ1It5Tyd9M+dw8S7/LnaWoXmZRS2fq0ZaveWvQq5/dwN+tSnupje3Q5ifZ3wYBAAAAAFzozkjw7n/G/N7HNSPK6rZaec/R6w0tiZ9KV10rfxL7NmhLB69768zgW+5StPn/0Qsva7N1K7mhobrhdyum1bP0fTXkS9f6u4re+UfHd56PbdMW6xqArtXXIpq/I/6Mayyr17TFamzvBFxsAvdF/z1WVw0Zq0f8tSsCF2fabJyw71X6kr/sXtPmCu6nAwAAAEB3nKHg3bCef58euENrvS7txdWBwe37QB9U250tHfHoU7uzmYtvVPSdVuNr7+rFlW91HEh39Oz9pbdonLWco8u18vW9jQ3VRd91a+BudQtXRY0N3CFeuViFHQTCu15erJVWx/CxirLeg382NZbVe/rdSxvaLyurnNosq5v1QMpYDbZrEFz8b8n22wU+0Is/eUSFrd4Lf7Wi4qwaDV6tfPHVzts+OJ1tIwAAAADAOebMBe+WwWP10I9vbftVao1c6ms9c64NWv23oJbgG1Rv0KKZJji0e5tz6Ya7U/0XCD568WE9uvw91bYVBNbvVdGvf9TB6+vMcm671x+oFy9+WAushup63alx32inlfQr79B/+R8LeFfzf/5Es2flG3xU9ITmzLees79a30++o82LAGdWU1kdW/mIUp9/t3VZ+cvpPk34VdcaGhw85lFlJJpyOLpBmT/N1tYWbxcYHDdN37cuWpQ8oUcWbtCBNrdNrbY+/yOld9g2Qp1qO3+4HgAAAADOGz1SH/7pf9vdJ+iI3v/LC9pQZWLYUXcr9pr2XuAd4Bp6s75S95pWv2vXm//yWLm/OijQ7Reqz11couVv/lPVm5Zr+aYP9cm+9/SPzW9q9bO/0tzs1Tpyx126qexdva/P6+YJt+qaPvaslj5f0OjIHtq8dpPeeWOlXios14GeJt3ag/po11sq/lOu0n+ZpTUVNfIOjtJ/jBzU9uPnoWb4phdVsv0TWTkdPPH/09SvhAbGtdJDnxtxs67cvVrFpe+qePkyvbZjvz7e+a7e2fyaVs6bo/99+V2znL6Kfmiept/U357vBB1+T0UvrldVW+vfSsP2aaesRtZr49/e1raSV7R0ZYn2fPyRtv/jbb3z2kta8D9P6RWznXxXfE1xo76oS/1XXTpYnlUON9ysge+v1IYtpVpb+TnFfvM69W24RNRjkG64aZjZrkX6+8Y1etFK77DU0wTs/9z7rkpW/EELM+Yo7429OnDxcN12yxfUbG/qc5H2/d9KvfNpuUrKD+rIh29r9fPluiLmel12Zi9DAQAAAMAZdcaDd3+A96XrdOT1V7T1kOltFbxLfa/5uiKOvKXXt36so9U7tLWsVP8wwfqef12vex75tR66I1Rli8387QSvPUKvV9ztI9X7wIfaagLRf7z5mtasWa01Rev11rYP9dlr79SUR9I189+v7qDduBBd2Wu7lq6zWpj7su6bea8i+gXGtOkzIQqPHq+vDz6syndLtf29cpNnK9/l2n3Iq77D79S0Ob/U5Mj2LgB0w6kK3o0eg27U2P8YqR57SrRl+y5t32rl2Xy27dInF12mqImPKeP/xWhw46vgO16eVQ7XfHWo9qwo0vadpry9UYoz27exnPterZv/I0ZX1n+kLVve1ta316vI2jZrXlPJ1h36JORm3fuTJ/TIPdfrEnuWJqEKH3JQG/5SboJ9q3zf1c4DXoXfMlYR7b0BAAAAAADOAxdVH6j12d3Oc6RWH+3epo88IRp8zdUafGljBNl1x2pVu3+v3v/Io5DB1+nyy/qqb2fXF05WvVe1tTXa9/5eeUKu0DVhoerb9wTyfqaZsjrw0Qf6YL902dVX64oBfXXx6WwV3yqnA3u1+4MaadBQDTHpdamcjn2sXRU79emlQ03ZXnZ68wgAAAAADuDs4B0AAAAAAJzhBusAAAAAAEC3EbwDAAAAAOBwBO8AAAAAADgcwTsAAAAAAA5H8A4AAAAAgMMRvAMAAAAA4HAE7wAAAAAAOBzBOwAAAAAADkfwDgAAAACAwxG8AwAAAADgcATvAAAAAAA4HME7AAAAAAAOR/AOAAAAAIDDXVR9oNZnd5+AWpUU7VXF5VfI/aW+9rAgh/Yq77U6RdwyVFH97GGOV6WivLc0IPHbusFlD2pH7fa/aHV5D4289Vu6tqc9sNGH2vjyW9JXx+trg+1BjhTI5267r7VLNPJb/65rLzmsj7ZXSp//sga3WtfW/GXjidB3b/i8PQQAAAAAcKJO8s77ce3adURr/nnc7m/hSJ3WVH4qM8m5o2qHdoZcreGdBO6WI/s/VNmWUi15/q/657/sgY0+UeWWnar02L3niIN7dqpsz6d2X5ADb2n5n6yLFYftAR3zl82uT+y+E3TgDT27cLXes3sBAAAA4EJFtfkWPty+S/2GRqgLN5cDQvpoQHWpXnxzrz3gXPN5fW3seH3X/oyyagkMHtnY/92x1l13M2zAN/SD6T/QxOv7+Oc6I3x1qvV8qnYuDQEAAADABePMB++H/6k/F2zRXQtL9aUF/9B/LtupbYfq7ZHGtu2664Vd+uCfe7Qg7x/66vxSfW+Z6f/XcX3w9wrN8M/3rh7Z8LE9g+3YQa37c9NyZxS0WG6XVOm9D/ppWFduuze4+Bp9Z/zndfD1FXpxe509sA2Vq/Vk/hs6YPcGVOiVhX/UxuCB9f9UWeFiPfmbefrvzN9q4Yo3VGnfCD++/WVl5axWZcu7/J4SLTHLeaOhSD4p1St/eFpPZs7TnN+YZRSW6kB3i6KVCv3fMwV6Kzivn27Xa8sC6fjz2kk6/3wrX/OfXaGtDTfkg+af85unlfNq0/wH3vqjnnx+i/6pD1Ww8Ld6tlnCAAAAAHBhObPB+7/2K+cPezX/aB89+t0v6A13mCb3+lR3Pr9DJQ21sb3/0roDh/Tztcc0esxQrf1Of11XfVAPPbtNObUD9NN7vqBVUT20rmS/1hyy5/nXx3rx+V2ar0uVOelL2jL5Kk3uf1QpZrllHcTTrXSjynywXteO1Xe/JJWtellb20vv+KeqPVTX4i7ycXk8Xh1taHXgX3v1Wt4ftbb+ermnTNN/P5CoMZ/bqReeWaH3jkmfDb9G4Z9WaH2LRD566x29d8lQjbjM9JhA/tmcv+q9S79mlnGfZky8VV/65A1l5bVVtb87WuS17l2Tr5f1du9AOj++b4yuP/qGcv6yvc075QfK8pXz16MaMXa8hl9qBvjnX6PKK2M0+YHpenjKWH3Nu1Hz8143AbsUctWNGhM5WH01QCO/9XWNuuoM3vEHAAAAAIc5JcH7n0t3aeD/lrb+LD2kP9vTWD7ZUK2HLuqrhQkm0PxcX13a7zKN/vZQ/bb/EaX+9SN7KuOzffTThmmuuErjrjCx3pDP6dFvDtKgfn11ddSlGqd6fWI/S//Jho/0w4v66bffvlJX9/ms1LOfRnwzXD+97Ihy/t4Q4Xeu21XmG/XUtbeP1y29P9QLL76hWntod9W+tUZrPxOlyWNHanBPsx4XD1D417+jsWE79Zd3DpitFaGvXd9H773zVlAa27XxncO69sYbTaArvVdcosqrvqEfWsu45FL1HTBMtySM1dfrSvXiKbx7/V7R37R1cHA6Q/X18T/Uj/9jmEzOm7EC99/+32GNmnSvbhkYGGbNX3nNt3Tf14dpwMVmk/e8wgT2cYoy+Xyj0vQPjNCIay5Tb12i8C+O1LUDu79VAAAAAOB8cUqC928PH6zt932h9eeOvvq2PY1l2z+Pa/TVIbq6WaqX6GvXuFT2z6Pabw/RxZ9R/xY5u/RiE+G1w1pu1CVSaekerWv8VKuuVw/l7etqi3EnUGU+2GeuUGy8CWT3lijvjRN7/n131QH1uqReleWlKmv8VOhIzz766MNAe/CDb/yyBu95X2UNq1VZri0apq8Nt4Lbf2rvnuO6NuLL6hUYG/CZz+tL1/bUR1VV9oCTFUhn+L/d2CId+3+jetWW/0m/LTysr913X2Pg3jB//x6fBq2n9fnYul6hyj3navsBAAAAAHB6nJLgXRe7dGk/6056i0/f4MV7dfRY20F4z4svsrtORGC5R2vrVLbrcLPPNrn0aP/PqEttnn+4Q9tPoMp8MwO/JXfMAH30+v9pbXV3HzI/ruNWfXPPfm3bvrPZZ7cGacRlPQJ320NuVPSwA9r41oemx6zz29vV+/rrda2/qOt0xCT72V6t71L3uriH3XUqBNJRZ4vc9YZ+s8ajkN6faNt7wQF5YP66f37Yal0P9Pm8Pt+3u2UHAAAAAOe3UxO8d4lLV5lA+s+7D7YIputVtvuYBl1ysaxHobsvsNwy1yWa/O1rNa3lJ+aKLi3XqjI/4AsnUmW+ub43fld3RxzVa8+/oUp7WKNj9Tpqd7b2WfUf0FNHew3R2MaW3oM+t3zZXy3eqqI/4ivDdOSdd/TegbdUvH2AvnZjw7vUP6fPXSZVbq+w+xsc0PuVhzXg0hMr4dY+p7CB0u5dO+3+9nxOY++/Tw98b6S0foVeeK+hYYNAPo9dHtyqfdCHd8MDAAAAQDNnMHiXrv5qP03+pFa/XF9jD6nXJ2U7lLpdevD6wSccOPuXW31Q//P3g/YQ49ghrfub1Uq93d+hKr23u5+GRZzMbfcGfTR8zDc0XHXNA/W+l6qv50O9t99uzq3+E239vze0NdDnNyRypIZ8+JZefOefTY2+menK3nijeWNz4dfrK72265UX39VHw76sqBB7uCnBGyOHSe+u04rtDZdIjuuj11do9f4B+npjkH+yemrEjcN0fPOaZukceGeFVpQFPVd/VYRGWK+ZG/gt/ef4z6lyRb5eq7ZGBPJ5fPPftDr4XfDHPtQbb7zb4gJHvY4cM/9OqrE9AAAAADi3ndHgXQOu0qN39FXPLXs0cP4/dNeCdzXsNa8m3DZU0649iWrdZrlz4/vq6OZd/tfE3fX0PzTqdzuV5+mh3l2pgf3hDu289CSrzAfr+WXd/d0va4Dd63fFjRpz7VG99uwCzVlgPv+7Qru+fL0J8oOEfF333TtSeuOPmpP5Wz258Leak7VEr31yiT7b0Mq73+cVfeMAHTjg1Y1fubF5A3FDx+qHYwdpd8Gz/te3Pf7UAi0sdWnMvd/X1xqD/FPApPPgnUMC6Zg0rHSyij/V4CuarXWjXtfGKd6s/9rn/xRokd8//2C9/6dn/a+ze3KhVSaF2qFeOt4QqPcfoiG992rFfDPumb/6W6EHAAAAgAvRRdUHapuFhWdGvepqj+jov3ro0n697WGnyOFafXL8IvXqe4l6dvHSRN3+7dqlIbp20KmK3tt3vO4THT1+sXpd0qdVq+zBGqfrbaY7oUssx3X00091/DO91Lf36Wyp/eTTOX7ErOu/2imTf9Xp6JF6ffaEywEAAAAAzn1nKXgHAAAAAABdxb1MAAAAAAAcjuAdAAAAAACHI', 'Abierto', '2024-06-20 16:16:50', 1),
(20, 1, 1, 'error en disco', '<p>tengo un error en el disco duro&nbsp;</p>', 'Abierto', '2024-06-20 16:18:25', 1),
(21, 1, 1, 'error en logo', '<p>error en logo&nbsp;<img src=\"data:image/png;base64,iVBORw0KGgoAAAANSUhEUgAAAM0AAABBCAYAAAByziDKAAAAAXNSR0IArs4c6QAAAARnQU1BAACxjwv8YQUAAAAJcEhZcwAADsMAAA7DAcdvqGQAAAr2SURBVHhe7d0HVFRXGgfwvyJVjSAEC4KIXVxNRJQgK/bEaAwWrCFqDJbYWd3ViEdN9GjibnJMjIm6ZnMsm2UBQRGxYVeKKBKw0IugCFgoChpw9943d5wZfZSHcJhdv985D+feN+iU993vthkb/YcBIaTGGos/CSE1REFDiEIUNIQoREFDiEIUNIQoREFDiEIUNIQoREFDiEIUNIQoREFDiEIUNIQoREFDiEIUNIQoREFDiEL00YAGUFwO+GUBq+OB3DJRqQdMDYAP2gL/6A+YsdtEHmWaBnAmD1iboF8Bw5VWAIfuADtTRQWRRUHTAAp/B3JKRUHPPGP9Dn0LZn1DQUOIQhQ0hChEQUOIQhQ0eqRxI8DEQHMYsXenEavTxt8wY/ZDfR9jdjQR7yKvd2ha/WFnxn7nhb+X1Fy1U855eQX4p99+RERGIy09C0XFxWhlbYXevXrivRFDMHTIQJgYG4t7A5HRl7F0mS/u3X8gampm1V+WYKzHaLzRvJmo0VVW9gQLlq7A+QuReMZGq0sWzcEUz7GwsDAX99AVGRWDb7b8hKu/JYgaXebmLdCpYweMGjkcI4YNwptWluIMcOnyVXy/7e/S36GE17SJWL3SR5Qqty8T+ChSFAQDdhGPtwX83hEVTMx9YC57CJe1Xsq3LYA9/QHHFqpywRNgawrwBXuazuwpRA1T1VcluxTodwy4IzPg54G4pAuwsZeoIC8RbZQ8P/9gjBjtiW3bf0ZsXAIKi4rAYyz3bj6OHj+FpctX4+OZ85GRmcUu5Gfit+pHSOhRpKVlSgHDBQSGIDE5VXo8tfHwYSFiWHCsW78Zq9duRHzCdXGGkKpVGjTBBw9j7Zdf4/HjqudGeUu+aOnnKCi4V+sLuCaiLl1BfkGBKLHWMuc2srKy8eQJa2pf0cnT5+HPgvD27VxRQ5Taf+RUvRz6SDZoHj16jI2bt6BCJns0NTODqakp62trOsU3k1JwNPw0yurgApaTnJLOstktFiBPRY3KmXMRyLqVI0qv5l/+QQg9cqJeA7++lZYD1wpVR3qJqBR+Z29lGqvj55KKWPl/92k2ONmgiY65gsLCYlFSWTBvFqLOHcGVqHDERBzHOI9RMDIyFGdZa33yPJ6wcYdLPydEnA1DUkLk8+OTGdPQrBkbgQqD3N1w6liwzn2me02udDyzPygEmVm3REnjOAvUJNZFq6ioEDVV81k0F+FhgdKx4YtV6NqlkzijUl5Rzo4KODu9hd27tuo8vkXzvcW9VFz698W+X37SuU9NxjP1hcdAPAuInkeA3keBqS+Mme6y9mzCRdX5oadVYyFSO7JBczMxWdxSsWxpgdmzPpYG3TzDGDZpAu+ZH8H7Ey8WPKPhNqA/DA3ZCLIe8IBITc9AcfELTaeQmp6JB2x8UhP88dva2kiH57gPMMC1H5qw56KWlZmNO3fuihJRYtx7g+vl0EeyQWNspJkN4/hM2N5f/aXBs7r74uBgj8ULZmPTel/8vH0Ldmz7RpqRqmuhYSekWbvKJhoC94fgxs3kOulWmZgY62RPQuTIBo2jYzf2U/ci/PpvW9HP7V3p8JwyC75rN+HkqXP1No5R41PM+fmaCYA/9OwhZT613Lt5yMm5rehx8PuGnzqL2Nh4lJezgYDQqpU1rCw1U8+EyJENGqc+veHQob3OYF+tsLAIcfHX8O+AYMxduBwentOlqduajiuU4IP8DDaW0Q6IiRM+RJ+3e+lkBD624dPR1Vm9bhO69HRBLyd3zFv4Z8TGxYszLMsYG8PM1BQGBrIvCSHPyV4hTQwMsPHL1TBv8YaoqVxaWgZmzl6M2KvxdR44gdIEQPbzrhfvPrVpbc2yTXedruC5C1FISU17pX9/0sSxeH/kMNmGglRPbrq4Lg59VGmz2ruXI4L8d8Nz/BhYmL9R5cXE10q2bN1R6WC9thKTUlBUpJnFGzFsMOxs22H0+yNgb2cralVSUtNxX+EuBLUxo9/FZE8P1jVrKWoIqVyVfZG2bVphw7rPceFMGA4G7sG2776C70ofTJ7ogZZsXKEdSHzxseDe/TrbGcAXHNPTs3SyB9+REBh0CEEHDku3G/PNWoJfwAHWbbxe5YQAX18yNjYSJZWZ06dgxfLF6OhgL2oIqZrs3rMdu/YgIurS8wuwS6eOWO4zH4aGmnHEpZirmLtgGYpLNNll7y8/womNNwxY907bpr9+L42BSkoeSWW+TrNm1TLYtG0tleWs9F2PsGPh1e5I0LbGd7m0fmRqYiK79+xPSz5DKutOHjx05Hlw9+jWBUsXzYX7QFepXJmtP+7Cdz/sFCXVOs3CeZ/Cue9boqbm5Pae8fgfawMEDBAVTGIR4MuGXQHZqjJvIlytgANugKWY4MwrA75NYq/xDVWZ4/vYnFnSjNDah8b3m405B8RWk4xp71n1ZDMNb90jImNwMeKSdOz9NQDXrifpZJHEpGRpIVCbanFS0/rXVn7BPaRlZKK0VNlHCEMPH0diYooovYyP0fo790F71sVTu34zCRcio6Us2ZD4ljr+iU7tT012bA74dAWGt2JZ3wQYbA0s66YJGI5/38BvD1W3m7IL3skC6MOObux3tRmxt6UHG6Ly873YcNCQ5jtqTfalc3VxZj81CYhPy06dPgeTveZghvdCjPKYig2bvmUXtSYL2Ni0gZWVZZ3MPgUGH0J29m3Fay8xV65KmUR7GvlF48eOhru7q86i5p59/jgUerTOupa1dYNllt0ZosDw7fvvsMxybBCQ8yEQPhjwYNlIrZy9PBkseZ+4q2qqHM3ZazACiB6u+nIMbdYs6Pa6qM6HugNWur1UooDsFc4nAQYNHKAzZuEX4tW4eCnzJKekvbQvjXdVmjeT3wajVFxcgs4qf+dOHeA11RMLP/tU5/CaOhHtWLBqS05JlTJVVSZN8ID7HzV78HlmDToYhjPnLoqahsG36h/LBVJqOJ+SyQLmh2TgacPG+mvHYC0jbuvo17cPzl+Mwv0HIvdXYa73dGlywNSUNWcyzl+MZt27m3j6lPU/GHt7OxaUrrJ7zfhnWfhA/55Wd8ln8TzM8JoEN9f+UvdKffALPz7hprTNRp0l+OZOR8eu0rpLZNRlafFTbcggN/R07IaWFubIzrkjbTQtK1P1h/gubb5o2qN7V5iZmUp12qJjYqXJDrV27dpKj6GqcVll+B6x/WKcoo3n1VuPVeOOnqwLZfPyw5Dwrtz1YmBFHBAs9qvy5s3GDPB2UJWrUsQSMf/GmRKZhMw/0OZiCQxjXUIl+PTwjZSMOj+6swZT31Tal7K2toLf3p2YNWMayyCazZbaunftjO1bN0utvpkZe8fqAO8m3c3LFyVIGz3t2tlIM19yOnd2QMuWmg+ilTx6hNzcfDyqZgKBZ67hQ93RuLHmJeBjt4MhR0SpYfAu11n29EeeAaZGsK7qLdYQsADJZU8nif0ZzIJtdgwwMFwTMGoPngIht6s/TrBsVlb3a9GvjRp9WSBfkb/MMgDfHMnXTexsbdCdtcgO9u1pBb0W5GbP9EVtZ8/qayFSHzdt0jdsNoD/x6B5nVCaIEQhChpCFKKgIUQhCpoG0MKw8unkhsa387SWXzkgAgVNAxj4JrDGUf8uTv5fbYxqA3h3FBVEFs2eEaIQZRpCFKKgIUQhChpCFKKgIUQhChpCFKKgIUQhChpCFKKgIUQhChpCFKKgIUQhChpCFKKgIUQhChpCFKKgIUQhChpCFKKgIUQhChpCFAH+C/UpwjJHywVzAAAAAElFTkSuQmCC\" alt=\"\" style=\"font-size: 1rem;\"></p>', 'Abierto', '2024-06-20 16:19:03', 1),
(22, 1, 2, 'carga ', '<p>carga&nbsp;</p><p><img src=\"data:image/png;base64,iVBORw0KGgoAAAANSUhEUgAAAz0AAAInCAYAAACyUjc8AAAAAXNSR0IArs4c6QAAAARnQU1BAACxjwv8YQUAAAAJcEhZcwAADsMAAA7DAcdvqGQAAB5QSURBVHhe7d1/lJX1feDxzwwwgHJRgSCOEZUQ0VSiJOK6kmiAtJLVSuNRtqmTnAZNjhpPZLsbTvasJNlo2sQ0CbSNWrW4NRhb9djF6An0aDQaTCpxNY4tTPyFUEeYMkQY5MfwY/bemQcYfskPZwb5+Hqdw5nv9/vcO3dg/ON5+33uc6tW/m5tWwAAACRVXXwFAABISfQAAACpiR4AACA10QMAAKQmegAAgNREDwAAkJroAQAAUhM9AABAaqIHAABITfQAAACpiR4AACA10QMAAKQmegAAgNREDwAAkJroAQAAUhM9AABAaqIHAABITfQAAACpiR4AACA10QMAAKQmegAAgNREDwAAkJroAQAAUhM9AABAaqIHAABITfQAAACpiR4AACA10QMAAKQmegAAgNREDwAAkJroAQAAUhM9AABAaqIHAABITfQAAACpiR4AACA10QMAAKQmegAAgNREDwAAkJroAQAAUhM9AABAaqIHAABITfQAAACpiR4AACA10QMAAKQmegAAgNREDwAAkJroAQAAUhM9AABAaqIHAABITfQAAACpiR4AACA10QMAAKQmegAAgNREDwAAkJroAQAAUhM9AABAaqIHAABITfQAAACpiR4AACA10QMAAKQmegAAgNREDwAAkJroAQAAUhM9AABAaqIHAABITfQAAACpiR4AACA10QMAAKQmegAAgNREDwAAkJroAQAAUhM9AABAaqIHAABITfQAAACpiR4AACA10QMAAKQmegAAgNREDwAAkJroAQAAUhM9AABAalWLl77RVowBAAAOC1VVVVHTu3f079MnevfqVazuWVVbWTEGAAA4LGzdujXWrNsQTW+2xFH9+79t+IgeAADgsPXm2nXlP+uj1K9fsbI77+kBAAAOWwOP6BetmzcXsz0TPQAAwGGruro69nXxmugBAABSEz0AAEBqogcAAEhN9AAAAKmJHgAAIDXRAwAApCZ6AACA1EQPAACQmugBAABSEz0AAEBqogcAAEhN9AAAAKmJHgAAIDXRAwAApCZ6AACA1EQPAACQmugBAABSEz0AAEBqogcAAEhN9AAAAKmJHgAAIDXRAwAApCZ6AACA1EQPAACQmugBAABSEz0AAEBqogcAAEhN9AAAAKmJHgAAIDXRAwAApCZ6AACA1EQPAACQmugBAABSEz0AAEBqogcAAEhN9AAAAKmJHgAAIDXRAwAApCZ6AACA1EQPAACQmugBAABSEz0AAEBqogcAAEhN9AAAAKmJHgAAIDXRAwAApCZ6AACA1EQPAACQmugBAABSEz0AAEBqogcAAEhN9AAAAKmJHgAAIDXRAwAApCZ6AACA1EQPAACQmugBAABSEz0AAEBqogcAAEhN9AAAAKmJHgAAIDXRAwAApCZ6AACA1EQPAACQmugBAABSEz0AAEBqogcAAEhN9AAAAKmJHgAAIDXRAwAApCZ6AACA1EQPAACQmugBAABSEz0AAEBqogcAAEhN9AAAAKmJHgAAIDXRAwAApCZ6AACA1EQPAACQmugBAABSEz0AAEBqogcAAEhN9AAAAKmJHgAAIDXRAwAApCZ6AACA1EQPAACQmugBAABSEz0AAEBqogcAAEhN9AAAAKmJHgAAIDXRAwAApCZ6AACA1EQPAACQmugBAABSEz0AAEBqogcAAEhN9AAAAKmJHgAAIDXRAwAApCZ6AACA1KoWL32jrRgDAAAcEqNOGFaMDlzDsuUxpFQqZruraisrxgAAAIedfUWPy9sAAIDURA8AAJCa6AEAAFITPQAAQGqiBwAASE30AAAAqYkeAAAgNdEDAACkJnoAAIDURA8AAJCa6AEAAFITPQAAQGqiBwAASE30AAAAqYkeAAAgNdEDAACkJnoAAIDURA8AAJCa6AEAAFITPQAAQGqiBwAASE30AAAAqYkeAAAgNdEDAACkVtVWVoxJquW5+2LOr1YWsz0Y8rGou3R0tD41K77zT4Pjim/Vxaia4thB6Hi9iI9dflmMLhWLAADQTRqWLY8hpb2feIqe94Dmn0yLSd9cUMz24NzrY96sCfH89RNi+vzauPruuTH1lPLzHrkxrrsr4oofXB/jBxeP3Q8drxdx/cMzY/LQYhEAALrJvqLH5W3vAYP/cGYsXLiw48/tde1r4742b8farMkxOEox/n/Pi3vvm9MePO3Wr4yGRStjzZZiDgAAhyHRw3bNj90SM742Kx5rbo7HvlUX1926sLy6MG75b3VR96P6jsc8cmPUfe7G8mPapx3q55TX6mJOx0P2qPlf5sSMa6fEhLHjYtLl02PW/IZoEVMAAPQA0cMO+7Ozs6fHbGkurzVE816e1/iTaXHxtbNiwbpRMfmKuphw7PNx7/V1ccUP66O1eAwAAHQX0cMeDI7x/2tOzLpqbHk8Nq7+wZyY89nRHYcOVMtjMfu7C6L13Otjzu03xHVXXR3Tv/9gzPyT2nj1R+W13xaPAwCAbiJ66F4vPx9z10dc9l8/FbW9irWoibGfrotR0RjPN3S+Tg4AALqe6KFH9K3Z5R7Y5fnAYggAAN1J9PDObS6+7kntSTGu/OVnT+38/p3mZx6LhVETtUN9kA8AAN1L9LAPr0bDs/WxcFFxGVr7JWoL4u675kb9ooaonz87rvmfc9oP7dHQT8UVnz05Gn90XUy7Y17UP1cfC+6/Ma777oKIc6dH3Vnv4FNQAQBgP4ge9mrwR8fHuP6Ncd/1U+OaG39azp/y2ieuiKmn1MSr/3hjTP1cXVz3jy1x+f/o+OyfPauJ0V+aGTddelIs/tsZMfULU2Pad34aK8+6Lub8xeRO7/MBAIDuUdVWVoxhd1tao6VlY/QtlaKmU6C0vtkSG2tKUTqiWNgfxfeKI8rPs8EDAEAXaVi2PIaUz1f3RvQAAACHtX1Fj8vbAACA1EQPAACQmugBAABSEz0AAEBqogcAAEhN9AAAAKmJHgAAIDXRAwAApCZ6AACA1EQPAACQWtW/LV3eVozpYlVVEQP69Y3BA4+M/jV9itVDY33rpmhe81as3bAx2vzGAQA4xLryXLlh2fIYUioVs91VtZUVY7rYpi1b482166K55a04ceigQxY+leB5rWlVDC4dGe87akCxCgAAh05XnivvK3pc3taN+vSqbo+M4wYd1b7LcqhUXlvwAADwbtKT58qipwcc0bem/bKyQ6Xy2kcPOKKYAQDAu0dPnCuLnh5QqdhDeRFh5bUrPwMAALzb9MS5sjNhAAAgNdEDAACkJnoAAIDURA8AAJCa6AEAAFITPQAAQGqiBwAASE30AAAAqYkeAAAgNdEDAACkJnoAAIDURA9vq+W3c+Oma+ti0nnjYtLl02P2vzQXR8q2NMfCH82Iay6fFON+f0rUfWV2LGwqjpU1P3Jj1P2oPlpfnhezvlIXc+qLA9ued9mEGHfh1Jhxf3201M+Jum89Ftu/e0tDzPur6VHX/pi6uOY7c6OhpTgGAAAHQPQchNtvvz0aGxuL2Q6VtYceeqiYHf5an5sVV1w5N0qfvSnue3Be3P2tCdHyV1+J2YtaK0ej/odXx50bL47rf3hfzLtvZlz3gV/EtCtnRX3lcMX6ldHw2C0x/YeNMWrqjPjUCZXFjudNmzckLv5u+Xl3fzemHvuLuOnbD0ZD05r2p5X/JWPu12+IX598Rcy6fW7Mu3NGXLDx7qi7fu6OKAIAgP1U1VZWjNkPleC57bbb4rjjjotbb701amtr29crwfPNb34znnnmmfj6178eF110Ufv6NouWrYjTTji2mPWsg3rtLQ0x+9NTY+VXH4vp59YUi2Vbyn96dQx3GldsWRizzrk7Tnp4ZkweGtH8k2kx6alJ8bO/mBSl4iGx7L6YesmCmFw8ZpvWJ2+McfePjnmzJsfgysKu37txblwzeUlcvfC6GF0sAQCQwzs9V25YtjyGlLafce7GTs8BuvDCC9uD54033oirrrqqPXY6B0/l2K7Bc1hqXhzPvzElxv+nTsFT0TlE3lwYs79SF1MumxJ1194Uc19eWxzo5LjjdwRPRXNj1J81PsZ2Cp6Kml3+I21d0nFZ3ZTL6orL5lpjl58EAAD2i+g5QJWdncoOT+fw6Rw8Dz74YPHIw9zG1qhcbNavc+R01lofsz4/LZ4fd1Pce9+9MedvpsfHViyMBcXhvdpc/lOul74dsz1rmhvT//ju6Punt5S/95yY8+3LYmDDglhYHAYAgAMheg7CruGTLngqjj0pTu2/MH7zcjHf1ZuvxKtvTIkr/qjj8r6KwR//VIwrxns1sBS1T9XH4nXFfJtKDG3TuCQWnHt51J1V7P70KsWo8eNjbMcMAAAOiOg5SJ3DJ13wVNSMjclTW+OWb8+O+m13TdvSHAvumB0LKncT6D8wSvGbnaOo+fV4vRju1SmT4+qP/zRm/eW8eLW44UFr44KY9YN7OyYVR5TD6NmGWNzpbm2tKxpjZTEGAIADIXregW3hky54CqM++3dx63m/jusmjI0Jl02JCedcHLesODlOPrp8sDQ+ps06I+ZdNSmmfn1W3PSVqTF9fmMM7Hjq2xgck26cHRe/OTPqxo2NsWPHxdQ7V8bFV00pjpedUhczv7wyZlwyJaZ/Z1bMuG5azHymdT++NwAA7M7d23rIYXf3ts62tEZLy8b2HZjSrncTKI71LZWiZm/v/9kPLY/MiAmPT4if3Th+x40PWluiZV284+8NAMC7m7u3cej1qonS0XsInori2P5HSWss/D+3xIJOH2IaTQvilr/9WUz6xFk73+mtpvyaB/S9AQBgd6KHHlYTI07vG/d9flyMu7Au6i6bEGMv/7uIz82JGZ/ce50DAMDBcnlbDzmsL2/rLutaomVL3yjtcQsJAID3Cpe3kVflPUKCBwCAbiZ6AACA1EQPAACQmugBAABSEz0AAEBqogcAAEhN9LwHVFVFbNqytZgBAMC7S+V8tTuJnveAAf36xptr1xUzAAB49/iP1Wvbz1e7k+jpId1dr29n8MAjo2Xdhvb/oAAA4N2gciVS5fy0ueWt9vPV7lTVVlaM6SaVX+bGTZvj/UOOLlZ63vrWTdG85q1Yu2Fj+I0DAHCoVTYFKjs8leDpX9OnWD04DcuWx5BSqZjtTvR0o0q9Vi4rq9TriUMHveNfJgAAsLt9Rs+/LV0uerpJV9YrAACwZ3Z6AACA1PYVPW5kAAAApCZ6AACA1EQPAACQmugBAABSEz0AAEBqogcAAEhN9AAAAKmJHgAAIDXRAwAApCZ6AACA1EQPAACQmugBAABSEz0AAEBqogcAAEhN9AAAAKmJHgAAIDXRAwAApCZ6AACA1EQPAACQmugBAABSEz0AAEBqogcAAEhN9AAAAKmJHgAAIDXRAwAApCZ6AACA1EQPAACQmugBAABSEz0AAEBqogcAAEhN9AAAAKmJHgAAIDXRAwAApCZ6AACA1EQPAACQmugBAABSEz0AAEBqogcAAEhN9AAAAKmJHgAAIDXRAwAApCZ6AACA1EQPAABwSGxtaytG3atq8dI3euaVAAAAOunXp0/071sTQ48pFSsHp2HZ8hhS2vv3qFq3oVX0AAAAPW7z1q2xeu1bUdO7dzl8BharB25f0ePyNgAA4JDoXV0dRw04MtZv3NStl7qJHgAA4JCphM+GTZuiuqqqWOl6ogcAAEhN9AAAAKmJHgAAIDXRAwAApCZ6AACA1EQPAACQmugBAABSEz0AAEBqogcAAEhN9AAAAKmJHgAAILWqdRta21a98HDc88Srsap1c2xYszk2FQf3qXfvKB3Ruzw4Ik485xMx5ZwR0a/jSNdb+Wh87+ZnY0Ux3W7AafGlP7swToxV8cQds+OhxmJ9u95xdt20uHREMe1uWxvjqX+YG482RRx/7uSYenZtcaCHrF0aTz/xeDz5r02xYn2xVtMvakeeGRdN+liMHFCsAQDAu8TSpuYYdcKwYnbgGpYtjyGlUjHbXa/pU37vGzfd92I0r9scrRu3xtbiwH7ZurX8nMrz1kfTy4vilf6nxtnH9y8OdrF1r8YvFy6PtyrjoR+MSy8YE2ecNiJGn3F6nHp05TX7x6BhpTj+pJNi9GnDY9Ca1+O1lsrfpjqO//A58aFjKk/sOptW1cfjjz0XK0vHxfEDaorVsoafxl8/ubL8b7IpVr6+OU4Zd0ocWXnswhdja6k2BvXvrs21zdH4qzkx88dPx3OvvxVvbS6WK7Zsjpb/+Pd45pdPxfObhsXYEcdEr+IQAAAcaqvfWh9Djjr4/zvfvGZtHNG3bzHbXfUvn3glNhSTd+q1Xy2M3TZaukPTi/HQkgEx5vQxMeakQcViRKl2dPta7arn4olycHSXDS/Nje/dPD/m/7o+7r9jfiwu1iteW9pUjMqOHxq1sSjurzz28V/FbTffGQ8ta8+2LrfiiTtj5j83RXvnlfXpf2SceOqIGDNyUJQ6NdmKpx6IGx56sZgBAEB+1UverlL694vSgWxMvLk6VhXD7tLvzHPigmHl8Ph/c+Nrezh5X/HE7fG9x1dHDPpgXHDWkcVq16kEz8x/eDFWbdsSGzo4dmwirYqXluxIyNrhH4g+MTiGDi0Wtq6OJ/7+x10fPq/Pjzsrf+fCoI9cGF/971fHl6ZcEp/5k6kx46vT4qsX1W6/9LDyb3dX51IDAIDEqt92P+Tk82PGtClx6ZlHlU/e98fqWNHd1VN9bEycOiUm7iF8OgfP1D+dHKcPqLzfqOtsWDY/bu0cPJXX+dz5cWwxjdaX47XlxbicGCNPruxCDY2Jn7sgxmzbrevy8NkQzz5ZvyM2+4+IP/qD06JfOc5u+PO/jOk3zoy7XtjcHkKTTigeU/bCEz/v9kAFAIB3g+rfFYO9GjA8zr74C/GNayfG2UOKtbdzQG8KOgADh8eo2kExcvhREb2HxwXbw2d+3PNSOd2WP9qx21EEz6nlyBj0/tqora2NDwwsvsc70B48f18fjZ2D58ry63S+c8O/N8aSYhjVQ+Ok44pxv9HxmWsujLO3XYnXpeHzaix+qRhWtDXHUw8/ELfNezFaKkW7dXO8tLSyndc3ene+zHH5a7F4240OAAAgsV4TPj7xG3s99X7fyPj9D3XsY/Tqf1x8aOzZcc4JG6PxleWxqrV9eRf9YuTYj8aII4ppV+o1OE75yJg449jikrXqo2LkGWfEOWPHxIeH9otepeFx1kdHx/izz4hhxb0Ueh1zSpzzkd+L497pz9O6MO66+el49e2Cp2zFbx6LJ18r7n33/tPi4o8ML6dGoff74kMfPiZWL3oxXq/ERtvGeO35xhhyzug47p3cVWDl8/HPTxc3eKjYvDFWNv0uVhdX2R175sS4etKHonfTz+OBR5dHS1vHesTGGDii62/wAAAAB6rbb2RQfN1vm9aujpauuvNBV+n8t+iJTx5avzF2vyxwQ7zWuCMfB508IvZ+07yeMejsS+LLF58SLU/dFTfc9uyOXSoAAHgP2e9EaFnyaNz2/Znx7f/7Sqzovhuj7V3ri/HQHbfEPS8Ub9jfvDTmz74lbvj+nXF/++VtP4+Z3789vvaDubG4+Pk2vfJwzLz5gXh2bcf8oNWMjalfHBu1294itH5p3PXX98YLO8Xfq/HyK8UwesfI4bt8Ps+GRXH/HQ/H09veSFN9VEy8ckqM6XRntYMypDZq9/hb7B2lgb1jw5JfxD2PN+1+h77qQVG77QYLAACQWPW+rm7atObFeHTO38QNdz0bL+0zHnpVbvjWPdYsjYbGt2LRkqYieO6NR5dHDPrIxPj0yHKNDJsYn//EUeUgeTFmF+Gz6t8bo3Hl0ni5012kD9rQ82PalW8TPq8vjZe276QMjeHvL4YVG+rjnpt3Dp4LvviFuGBYV9xo4eQ4dWQx3MWmpb+Oh361NNYV850MPTE+4INKAQB4D6h+29Pu386Pb8ycG/Nf2d/r2QbEwO4+kd7U2Cl4LoxpF522/VbMx573+Zh23o7waejqHak9hc8dj7Z/NlHL669HS8dqOcCOj5Hbd3Ca4tG75u/YbSqCZ2KX7bL0izEfHx07Pq1oh/effUl85pMjovwvsot+cfp5Z+246xwAACRWfdIuV2HtpBwNxdvy988JtXFiMewuG+oX7jF4OvSO2k/sCJ+HfrHjs2u6zK7h8+bqWFP+8tKSHTeALp10cqcIWR2/e7MYdnnwFI6/oGOXayeb46WfPxD3PPJK+SfYWWV3bMqpXf8ZRgAA8G5U/Z/PG7FLOBysfjFm3Fk98+b9o4fHucM3xKIXno3Fy3fcPKClsT6efaE+Vgw5M847visuHduLSvh8eUpMvWRifPGai+PUaIpVK4tjZScOH16MKj4Yk6+cHJ+pPPbabgieQvsu1x8M3enDZFcteyWe/e3qHe/nqe4XJ557YXzpv+waiwAAkFfVug2tbateeCDueqQxWmJzbFiz+YB2d/r07xf9jhwYYz45OS46ZfcLqbrMykfjezc/GyuK6XYDTosv/dmFcWKsiifumB0PVa4120nvOLtuWlw6oph2kxW//nHM+cWqchCdGXV//LE4tifuIrcna5fG0088Hk/+a1OsKD6Hp0//I6N25Clx/vnnx+mDujEGAQDgICxtao5RJwwrZgeuYdnyGFLa+/ZLe/QUYwAAgB7X3dFzqPYjAAAAeoToAQAAUhM9AABAaqIHAABITfQAAACpiR4AACA10QMAAKQmegAAgNREDwAAkJroAQAAUhM9AABAaqIHAABITfQAAACpiR4AACA10QMAAKRWtXjpG23FGAAAoMf179snhg8dXMwOXMOy5TGkVCpmu6tqKyvGAAAAPa4SLaNOGFbMDty+osflbQAAQGqiBwAASE3', 'Abierto', '2024-06-20 16:19:28', 1),
(23, 1, 1, 'carga 2 ', '<p>carga 2&nbsp;<img src=\"data:image/png;base64,iVBORw0KGgoAAAANSUhEUgAAAz0AAAInCAYAAACyUjc8AAAAAXNSR0IArs4c6QAAAARnQU1BAACxjwv8YQUAAAAJcEhZcwAADsMAAA7DAcdvqGQAAB5QSURBVHhe7d1/lJX1feDxzwwwgHJRgSCOEZUQ0VSiJOK6kmiAtJLVSuNRtqmTnAZNjhpPZLsbTvasJNlo2sQ0CbSNWrW4NRhb9djF6An0aDQaTCpxNY4tTPyFUEeYMkQY5MfwY/bemQcYfskPZwb5+Hqdw5nv9/vcO3dg/ON5+33uc6tW/m5tWwAAACRVXXwFAABISfQAAACpiR4AACA10QMAAKQmegAAgNREDwAAkJroAQAAUhM9AABAaqIHAABITfQAAACpiR4AACA10QMAAKQmegAAgNREDwAAkJroAQAAUhM9AABAaqIHAABITfQAAACpiR4AACA10QMAAKQmegAAgNREDwAAkJroAQAAUhM9AABAaqIHAABITfQAAACpiR4AACA10QMAAKQmegAAgNREDwAAkJroAQAAUhM9AABAaqIHAABITfQAAACpiR4AACA10QMAAKQmegAAgNREDwAAkJroAQAAUhM9AABAaqIHAABITfQAAACpiR4AACA10QMAAKQmegAAgNREDwAAkJroAQAAUhM9AABAaqIHAABITfQAAACpiR4AACA10QMAAKQmegAAgNREDwAAkJroAQAAUhM9AABAaqIHAABITfQAAACpiR4AACA10QMAAKQmegAAgNREDwAAkJroAQAAUhM9AABAaqIHAABITfQAAACpiR4AACA10QMAAKQmegAAgNREDwAAkJroAQAAUhM9AABAaqIHAABITfQAAACpiR4AACA10QMAAKQmegAAgNREDwAAkJroAQAAUhM9AABAalWLl77RVowBAAAOC1VVVVHTu3f079MnevfqVazuWVVbWTEGAAA4LGzdujXWrNsQTW+2xFH9+79t+IgeAADgsPXm2nXlP+uj1K9fsbI77+kBAAAOWwOP6BetmzcXsz0TPQAAwGGruro69nXxmugBAABSEz0AAEBqogcAAEhN9AAAAKmJHgAAIDXRAwAApCZ6AACA1EQPAACQmugBAABSEz0AAEBqogcAAEhN9AAAAKmJHgAAIDXRAwAApCZ6AACA1EQPAACQmugBAABSEz0AAEBqogcAAEhN9AAAAKmJHgAAIDXRAwAApCZ6AACA1EQPAACQmugBAABSEz0AAEBqogcAAEhN9AAAAKmJHgAAIDXRAwAApCZ6AACA1EQPAACQmugBAABSEz0AAEBqogcAAEhN9AAAAKmJHgAAIDXRAwAApCZ6AACA1EQPAACQmugBAABSEz0AAEBqogcAAEhN9AAAAKmJHgAAIDXRAwAApCZ6AACA1EQPAACQmugBAABSEz0AAEBqogcAAEhN9AAAAKmJHgAAIDXRAwAApCZ6AACA1EQPAACQmugBAABSEz0AAEBqogcAAEhN9AAAAKmJHgAAIDXRAwAApCZ6AACA1EQPAACQmugBAABSEz0AAEBqogcAAEhN9AAAAKmJHgAAIDXRAwAApCZ6AACA1EQPAACQmugBAABSEz0AAEBqogcAAEhN9AAAAKmJHgAAIDXRAwAApCZ6AACA1EQPAACQmugBAABSEz0AAEBqogcAAEhN9AAAAKmJHgAAIDXRAwAApCZ6AACA1EQPAACQmugBAABSEz0AAEBqogcAAEhN9AAAAKmJHgAAIDXRAwAApCZ6AACA1EQPAACQmugBAABSEz0AAEBqogcAAEhN9AAAAKmJHgAAIDXRAwAApCZ6AACA1KoWL32jrRgDAAAcEqNOGFaMDlzDsuUxpFQqZruraisrxgAAAIedfUWPy9sAAIDURA8AAJCa6AEAAFITPQAAQGqiBwAASE30AAAAqYkeAAAgNdEDAACkJnoAAIDURA8AAJCa6AEAAFITPQAAQGqiBwAASE30AAAAqYkeAAAgNdEDAACkJnoAAIDURA8AAJCa6AEAAFITPQAAQGqiBwAASE30AAAAqYkeAAAgNdEDAACkVtVWVoxJquW5+2LOr1YWsz0Y8rGou3R0tD41K77zT4Pjim/Vxaia4thB6Hi9iI9dflmMLhWLAADQTRqWLY8hpb2feIqe94Dmn0yLSd9cUMz24NzrY96sCfH89RNi+vzauPruuTH1lPLzHrkxrrsr4oofXB/jBxeP3Q8drxdx/cMzY/LQYhEAALrJvqLH5W3vAYP/cGYsXLiw48/tde1r4742b8farMkxOEox/n/Pi3vvm9MePO3Wr4yGRStjzZZiDgAAhyHRw3bNj90SM742Kx5rbo7HvlUX1926sLy6MG75b3VR96P6jsc8cmPUfe7G8mPapx3q55TX6mJOx0P2qPlf5sSMa6fEhLHjYtLl02PW/IZoEVMAAPQA0cMO+7Ozs6fHbGkurzVE816e1/iTaXHxtbNiwbpRMfmKuphw7PNx7/V1ccUP66O1eAwAAHQX0cMeDI7x/2tOzLpqbHk8Nq7+wZyY89nRHYcOVMtjMfu7C6L13Otjzu03xHVXXR3Tv/9gzPyT2nj1R+W13xaPAwCAbiJ66F4vPx9z10dc9l8/FbW9irWoibGfrotR0RjPN3S+Tg4AALqe6KFH9K3Z5R7Y5fnAYggAAN1J9PDObS6+7kntSTGu/OVnT+38/p3mZx6LhVETtUN9kA8AAN1L9LAPr0bDs/WxcFFxGVr7JWoL4u675kb9ooaonz87rvmfc9oP7dHQT8UVnz05Gn90XUy7Y17UP1cfC+6/Ma777oKIc6dH3Vnv4FNQAQBgP4ge9mrwR8fHuP6Ncd/1U+OaG39azp/y2ieuiKmn1MSr/3hjTP1cXVz3jy1x+f/o+OyfPauJ0V+aGTddelIs/tsZMfULU2Pad34aK8+6Lub8xeRO7/MBAIDuUdVWVoxhd1tao6VlY/QtlaKmU6C0vtkSG2tKUTqiWNgfxfeKI8rPs8EDAEAXaVi2PIaUz1f3RvQAAACHtX1Fj8vbAACA1EQPAACQmugBAABSEz0AAEBqogcAAEhN9AAAAKmJHgAAIDXRAwAApCZ6AACA1EQPAACQWtW/LV3eVozpYlVVEQP69Y3BA4+M/jV9itVDY33rpmhe81as3bAx2vzGAQA4xLryXLlh2fIYUioVs91VtZUVY7rYpi1b482166K55a04ceigQxY+leB5rWlVDC4dGe87akCxCgAAh05XnivvK3pc3taN+vSqbo+M4wYd1b7LcqhUXlvwAADwbtKT58qipwcc0bem/bKyQ6Xy2kcPOKKYAQDAu0dPnCuLnh5QqdhDeRFh5bUrPwMAALzb9MS5sjNhAAAgNdEDAACkJnoAAIDURA8AAJCa6AEAAFITPQAAQGqiBwAASE30AAAAqYkeAAAgNdEDAACkJnoAAIDURA9vq+W3c+Oma+ti0nnjYtLl02P2vzQXR8q2NMfCH82Iay6fFON+f0rUfWV2LGwqjpU1P3Jj1P2oPlpfnhezvlIXc+qLA9ued9mEGHfh1Jhxf3201M+Jum89Ftu/e0tDzPur6VHX/pi6uOY7c6OhpTgGAAAHQPQchNtvvz0aGxuL2Q6VtYceeqiYHf5an5sVV1w5N0qfvSnue3Be3P2tCdHyV1+J2YtaK0ej/odXx50bL47rf3hfzLtvZlz3gV/EtCtnRX3lcMX6ldHw2C0x/YeNMWrqjPjUCZXFjudNmzckLv5u+Xl3fzemHvuLuOnbD0ZD05r2p5X/JWPu12+IX598Rcy6fW7Mu3NGXLDx7qi7fu6OKAIAgP1U1VZWjNkPleC57bbb4rjjjotbb701amtr29crwfPNb34znnnmmfj6178eF110Ufv6NouWrYjTTji2mPWsg3rtLQ0x+9NTY+VXH4vp59YUi2Vbyn96dQx3GldsWRizzrk7Tnp4ZkweGtH8k2kx6alJ8bO/mBSl4iGx7L6YesmCmFw8ZpvWJ2+McfePjnmzJsfgysKu37txblwzeUlcvfC6GF0sAQCQwzs9V25YtjyGlLafce7GTs8BuvDCC9uD54033oirrrqqPXY6B0/l2K7Bc1hqXhzPvzElxv+nTsFT0TlE3lwYs79SF1MumxJ1194Uc19eWxzo5LjjdwRPRXNj1J81PsZ2Cp6Kml3+I21d0nFZ3ZTL6orL5lpjl58EAAD2i+g5QJWdncoOT+fw6Rw8Dz74YPHIw9zG1qhcbNavc+R01lofsz4/LZ4fd1Pce9+9MedvpsfHViyMBcXhvdpc/lOul74dsz1rmhvT//ju6Punt5S/95yY8+3LYmDDglhYHAYAgAMheg7CruGTLngqjj0pTu2/MH7zcjHf1ZuvxKtvTIkr/qjj8r6KwR//VIwrxns1sBS1T9XH4nXFfJtKDG3TuCQWnHt51J1V7P70KsWo8eNjbMcMAAAOiOg5SJ3DJ13wVNSMjclTW+OWb8+O+m13TdvSHAvumB0LKncT6D8wSvGbnaOo+fV4vRju1SmT4+qP/zRm/eW8eLW44UFr44KY9YN7OyYVR5TD6NmGWNzpbm2tKxpjZTEGAIADIXregW3hky54CqM++3dx63m/jusmjI0Jl02JCedcHLesODlOPrp8sDQ+ps06I+ZdNSmmfn1W3PSVqTF9fmMM7Hjq2xgck26cHRe/OTPqxo2NsWPHxdQ7V8bFV00pjpedUhczv7wyZlwyJaZ/Z1bMuG5azHymdT++NwAA7M7d23rIYXf3ts62tEZLy8b2HZjSrncTKI71LZWiZm/v/9kPLY/MiAmPT4if3Th+x40PWluiZV284+8NAMC7m7u3cej1qonS0XsInori2P5HSWss/D+3xIJOH2IaTQvilr/9WUz6xFk73+mtpvyaB/S9AQBgd6KHHlYTI07vG/d9flyMu7Au6i6bEGMv/7uIz82JGZ/ce50DAMDBcnlbDzmsL2/rLutaomVL3yjtcQsJAID3Cpe3kVflPUKCBwCAbiZ6AACA1EQPAACQmugBAABSEz0AAEBqogcAAEhN9LwHVFVFbNqytZgBAMC7S+V8tTuJnveAAf36xptr1xUzAAB49/iP1Wvbz1e7k+jpId1dr29n8MAjo2Xdhvb/oAAA4N2gciVS5fy0ueWt9vPV7lTVVlaM6SaVX+bGTZvj/UOOLlZ63vrWTdG85q1Yu2Fj+I0DAHCoVTYFKjs8leDpX9OnWD04DcuWx5BSqZjtTvR0o0q9Vi4rq9TriUMHveNfJgAAsLt9Rs+/LV0uerpJV9YrAACwZ3Z6AACA1PYVPW5kAAAApCZ6AACA1EQPAACQmugBAABSEz0AAEBqogcAAEhN9AAAAKmJHgAAIDXRAwAApCZ6AACA1EQPAACQmugBAABSEz0AAEBqogcAAEhN9AAAAKmJHgAAIDXRAwAApCZ6AACA1EQPAACQmugBAABSEz0AAEBqogcAAEhN9AAAAKmJHgAAIDXRAwAApCZ6AACA1EQPAACQmugBAABSEz0AAEBqogcAAEhN9AAAAKmJHgAAIDXRAwAApCZ6AACA1EQPAACQmugBAABSEz0AAEBqogcAAEhN9AAAAKmJHgAAIDXRAwAApCZ6AACA1EQPAABwSGxtaytG3atq8dI3euaVAAAAOunXp0/071sTQ48pFSsHp2HZ8hhS2vv3qFq3oVX0AAAAPW7z1q2xeu1bUdO7dzl8BharB25f0ePyNgAA4JDoXV0dRw04MtZv3NStl7qJHgAA4JCphM+GTZuiuqqqWOl6ogcAAEhN9AAAAKmJHgAAIDXRAwAApCZ6AACA1EQPAACQmugBAABSEz0AAEBqogcAAEhN9AAAAKmJHgAAILWqdRta21a98HDc88Srsap1c2xYszk2FQf3qXfvKB3Ruzw4Ik485xMx5ZwR0a/jSNdb+Wh87+ZnY0Ux3W7AafGlP7swToxV8cQds+OhxmJ9u95xdt20uHREMe1uWxvjqX+YG482RRx/7uSYenZtcaCHrF0aTz/xeDz5r02xYn2xVtMvakeeGRdN+liMHFCsAQDAu8TSpuYYdcKwYnbgGpYtjyGlUjHbXa/pU37vGzfd92I0r9scrRu3xtbiwH7ZurX8nMrz1kfTy4vilf6nxtnH9y8OdrF1r8YvFy6PtyrjoR+MSy8YE2ecNiJGn3F6nHp05TX7x6BhpTj+pJNi9GnDY9Ca1+O1lsrfpjqO//A58aFjKk/sOptW1cfjjz0XK0vHxfEDaorVsoafxl8/ubL8b7IpVr6+OU4Zd0ocWXnswhdja6k2BvXvrs21zdH4qzkx88dPx3OvvxVvbS6WK7Zsjpb/+Pd45pdPxfObhsXYEcdEr+IQAAAcaqvfWh9Djjr4/zvfvGZtHNG3bzHbXfUvn3glNhSTd+q1Xy2M3TZaukPTi/HQkgEx5vQxMeakQcViRKl2dPta7arn4olycHSXDS/Nje/dPD/m/7o+7r9jfiwu1iteW9pUjMqOHxq1sSjurzz28V/FbTffGQ8ta8+2LrfiiTtj5j83RXvnlfXpf2SceOqIGDNyUJQ6NdmKpx6IGx56sZgBAEB+1UverlL694vSgWxMvLk6VhXD7tLvzHPigmHl8Ph/c+Nrezh5X/HE7fG9x1dHDPpgXHDWkcVq16kEz8x/eDFWbdsSGzo4dmwirYqXluxIyNrhH4g+MTiGDi0Wtq6OJ/7+x10fPq/Pjzsrf+fCoI9cGF/971fHl6ZcEp/5k6kx46vT4qsX1W6/9LDyb3dX51IDAIDEqt92P+Tk82PGtClx6ZlHlU/e98fqWNHd1VN9bEycOiUm7iF8OgfP1D+dHKcPqLzfqOtsWDY/bu0cPJXX+dz5cWwxjdaX47XlxbicGCNPruxCDY2Jn7sgxmzbrevy8NkQzz5ZvyM2+4+IP/qD06JfOc5u+PO/jOk3zoy7XtjcHkKTTigeU/bCEz/v9kAFAIB3g+rfFYO9GjA8zr74C/GNayfG2UOKtbdzQG8KOgADh8eo2kExcvhREb2HxwXbw2d+3PNSOd2WP9qx21EEz6nlyBj0/tqora2NDwwsvsc70B48f18fjZ2D58ry63S+c8O/N8aSYhjVQ+Ok44pxv9HxmWsujLO3XYnXpeHzaix+qRhWtDXHUw8/ELfNezFaKkW7dXO8tLSyndc3ene+zHH5a7F4240OAAAgsV4TPj7xG3s99X7fyPj9D3XsY/Tqf1x8aOzZcc4JG6PxleWxqrV9eRf9YuTYj8aII4ppV+o1OE75yJg449jikrXqo2LkGWfEOWPHxIeH9otepeFx1kdHx/izz4hhxb0Ueh1zSpzzkd+L497pz9O6MO66+el49e2Cp2zFbx6LJ18r7n33/tPi4o8ML6dGoff74kMfPiZWL3oxXq/ERtvGeO35xhhyzug47p3cVWDl8/HPTxc3eKjYvDFWNv0uVhdX2R175sS4etKHonfTz+OBR5dHS1vHesTGGDii62/wAAAAB6rbb2RQfN1vm9aujpauuvNBV+n8t+iJTx5avzF2vyxwQ7zWuCMfB508IvZ+07yeMejsS+LLF58SLU/dFTfc9uyOXSoAAHgP2e9EaFnyaNz2/Znx7f/7Sqzovhuj7V3ri/HQHbfEPS8Ub9jfvDTmz74lbvj+nXF/++VtP4+Z3789vvaDubG4+Pk2vfJwzLz5gXh2bcf8oNWMjalfHBu1294itH5p3PXX98YLO8Xfq/HyK8UwesfI4bt8Ps+GRXH/HQ/H09veSFN9VEy8ckqM6XRntYMypDZq9/hb7B2lgb1jw5JfxD2PN+1+h77qQVG77QYLAACQWPW+rm7atObFeHTO38QNdz0bL+0zHnpVbvjWPdYsjYbGt2LRkqYieO6NR5dHDPrIxPj0yHKNDJsYn//EUeUgeTFmF+Gz6t8bo3Hl0ni5012kD9rQ82PalW8TPq8vjZe276QMjeHvL4YVG+rjnpt3Dp4LvviFuGBYV9xo4eQ4dWQx3MWmpb+Oh361NNYV850MPTE+4INKAQB4D6h+29Pu386Pb8ycG/Nf2d/r2QbEwO4+kd7U2Cl4LoxpF522/VbMx573+Zh23o7waejqHak9hc8dj7Z/NlHL669HS8dqOcCOj5Hbd3Ca4tG75u/YbSqCZ2KX7bL0izEfHx07Pq1oh/effUl85pMjovwvsot+cfp5Z+246xwAACRWfdIuV2HtpBwNxdvy988JtXFiMewuG+oX7jF4OvSO2k/sCJ+HfrHjs2u6zK7h8+bqWFP+8tKSHTeALp10cqcIWR2/e7MYdnnwFI6/oGOXayeb46WfPxD3PPJK+SfYWWV3bMqpXf8ZRgAA8G5U/Z/PG7FLOBysfjFm3Fk98+b9o4fHucM3xKIXno3Fy3fcPKClsT6efaE+Vgw5M847visuHduLSvh8eUpMvWRifPGai+PUaIpVK4tjZScOH16MKj4Yk6+cHJ+pPPbabgieQvsu1x8M3enDZFcteyWe/e3qHe/nqe4XJ557YXzpv+waiwAAkFfVug2tbateeCDueqQxWmJzbFiz+YB2d/r07xf9jhwYYz45OS46ZfcLqbrMykfjezc/GyuK6XYDTosv/dmFcWKsiifumB0PVa4120nvOLtuWlw6oph2kxW//nHM+cWqchCdGXV//LE4tifuIrcna5fG0088Hk/+a1OsKD6Hp0//I6N25Clx/vnnx+mDujEGAQDgICxtao5RJwwrZgeuYdnyGFLa+/ZLe/QUYwAAgB7X3dFzqPYjAAAAeoToAQAAUhM9AABAaqIHAABITfQAAACpiR4AACA10QMAAKQmegAAgNREDwAAkJroAQAAUhM9AABAaqIHAABITfQAAACpiR4AACA10QMAAKRWtXjpG23FGAAAoMf179snhg8dXMwOXMOy5TGkVCpmu6tqKyvGAAAAPa4SLaNOGFbMDty+osflbQAAQGqiBwAASE30AAAA', 'Abierto', '2024-06-20 16:20:13', 1),
(24, 1, 1, 'testin changes', '<p>new change</p>', 'Abierto', '2024-06-20 19:24:50', 1),
(25, 8, 1, 'tengo un tema', '<p>la puta madre</p><p><br></p>', 'Abierto', '2024-06-23 19:25:57', 1),
(26, 1, 1, 'asdas', '<p>sadasdasdasda</p>', 'Abierto', '2024-06-23 20:07:17', 1);

-- --------------------------------------------------------

--
-- Estructura de tabla para la tabla `tm_usuario`
--

CREATE TABLE `tm_usuario` (
  `usu_id` int(11) NOT NULL,
  `usu_nom` varchar(150) DEFAULT NULL,
  `usu_ape` varchar(150) DEFAULT NULL,
  `usu_correo` varchar(150) NOT NULL,
  `usu_pass` varchar(29) NOT NULL,
  `rol_id` int(11) DEFAULT NULL,
  `fech_crea` datetime DEFAULT NULL,
  `fech_modi` datetime DEFAULT NULL,
  `fech_elim` datetime DEFAULT NULL,
  `estado` int(11) NOT NULL
) ENGINE=InnoDB DEFAULT CHARSET=utf8 COLLATE=utf8_spanish_ci COMMENT='Tabla Mantenedor de Usuarios';

--
-- Volcado de datos para la tabla `tm_usuario`
--

INSERT INTO `tm_usuario` (`usu_id`, `usu_nom`, `usu_ape`, `usu_correo`, `usu_pass`, `rol_id`, `fech_crea`, `fech_modi`, `fech_elim`, `estado`) VALUES
(1, 'Matias', 'Zamora', 'devmatiasnzamora@gmail.com', '1234', 1, '2024-06-23 18:16:31', NULL, NULL, 1),
(2, 'Matias', 'Zamora', 'soporte@zimtech.com.ar', '123456', 2, '2024-06-23 13:11:56', NULL, NULL, 1);

--
-- Índices para tablas volcadas
--

--
-- Indices de la tabla `td_ticketdetalle`
--
ALTER TABLE `td_ticketdetalle`
  ADD PRIMARY KEY (`tickd_id`);

--
-- Indices de la tabla `tm_categoria`
--
ALTER TABLE `tm_categoria`
  ADD PRIMARY KEY (`cat_id`);

--
-- Indices de la tabla `tm_ticket`
--
ALTER TABLE `tm_ticket`
  ADD PRIMARY KEY (`tick_id`);

--
-- Indices de la tabla `tm_usuario`
--
ALTER TABLE `tm_usuario`
  ADD PRIMARY KEY (`usu_id`);

--
-- AUTO_INCREMENT de las tablas volcadas
--

--
-- AUTO_INCREMENT de la tabla `td_ticketdetalle`
--
ALTER TABLE `td_ticketdetalle`
  MODIFY `tickd_id` int(11) NOT NULL AUTO_INCREMENT, AUTO_INCREMENT=21;

--
-- AUTO_INCREMENT de la tabla `tm_categoria`
--
ALTER TABLE `tm_categoria`
  MODIFY `cat_id` int(11) NOT NULL AUTO_INCREMENT, AUTO_INCREMENT=5;

--
-- AUTO_INCREMENT de la tabla `tm_ticket`
--
ALTER TABLE `tm_ticket`
  MODIFY `tick_id` int(11) NOT NULL AUTO_INCREMENT, AUTO_INCREMENT=27;

--
-- AUTO_INCREMENT de la tabla `tm_usuario`
--
ALTER TABLE `tm_usuario`
  MODIFY `usu_id` int(11) NOT NULL AUTO_INCREMENT, AUTO_INCREMENT=11;
COMMIT;

/*!40101 SET CHARACTER_SET_CLIENT=@OLD_CHARACTER_SET_CLIENT */;
/*!40101 SET CHARACTER_SET_RESULTS=@OLD_CHARACTER_SET_RESULTS */;
/*!40101 SET COLLATION_CONNECTION=@OLD_COLLATION_CONNECTION */;
